"Time","image-filter-cfbfd9b5f-rl7jj"
2025-07-07 21:43:15,25.2 MiB
2025-07-07 21:43:16,25.2 MiB
2025-07-07 21:43:17,25.2 MiB
2025-07-07 21:43:18,25.2 MiB
2025-07-07 21:43:19,25.2 MiB
2025-07-07 21:43:20,25.2 MiB
2025-07-07 21:43:21,25.2 MiB
2025-07-07 21:43:22,25.2 MiB
2025-07-07 21:43:23,25.2 MiB
2025-07-07 21:43:24,25.2 MiB
2025-07-07 21:43:25,25.2 MiB
2025-07-07 21:43:26,25.2 MiB
2025-07-07 21:43:27,25.2 MiB
2025-07-07 21:43:28,25.2 MiB
2025-07-07 21:43:29,25.2 MiB
2025-07-07 21:43:30,25.2 MiB
2025-07-07 21:43:31,25.2 MiB
2025-07-07 21:43:32,25.2 MiB
2025-07-07 21:43:33,25.2 MiB
2025-07-07 21:43:34,25.2 MiB
2025-07-07 21:43:35,25.3 MiB
2025-07-07 21:43:36,25.3 MiB
2025-07-07 21:43:37,25.3 MiB
2025-07-07 21:43:38,25.3 MiB
2025-07-07 21:43:39,25.3 MiB
2025-07-07 21:43:40,25.3 MiB
2025-07-07 21:43:41,25.3 MiB
2025-07-07 21:43:42,25.3 MiB
2025-07-07 21:43:43,25.3 MiB
2025-07-07 21:43:44,25.3 MiB
2025-07-07 21:43:45,25.3 MiB
2025-07-07 21:43:46,25.3 MiB
2025-07-07 21:43:47,25.3 MiB
2025-07-07 21:43:48,25.3 MiB
2025-07-07 21:43:49,25.3 MiB
2025-07-07 21:43:50,25.3 MiB
2025-07-07 21:43:51,25.3 MiB
2025-07-07 21:43:52,25.3 MiB
2025-07-07 21:43:53,25.3 MiB
2025-07-07 21:43:54,29.5 MiB
2025-07-07 21:43:55,29.5 MiB
2025-07-07 21:43:56,29.5 MiB
2025-07-07 21:43:57,29.5 MiB
2025-07-07 21:43:58,29.5 MiB
2025-07-07 21:43:59,29.5 MiB
2025-07-07 21:44:00,29.5 MiB
2025-07-07 21:44:01,29.5 MiB
2025-07-07 21:44:02,29.5 MiB
2025-07-07 21:44:03,29.5 MiB
2025-07-07 21:44:04,29.5 MiB
2025-07-07 21:44:05,29.5 MiB
2025-07-07 21:44:06,29.5 MiB
2025-07-07 21:44:07,29.5 MiB
2025-07-07 21:44:08,29.5 MiB
2025-07-07 21:44:09,29.5 MiB
2025-07-07 21:44:10,29.5 MiB
2025-07-07 21:44:11,29.5 MiB
2025-07-07 21:44:12,29.5 MiB
2025-07-07 21:44:13,29.5 MiB
2025-07-07 21:44:14,29.5 MiB
2025-07-07 21:44:15,29.5 MiB
2025-07-07 21:44:16,29.5 MiB
2025-07-07 21:44:17,29.5 MiB
2025-07-07 21:44:18,29.5 MiB
2025-07-07 21:44:19,29.5 MiB
2025-07-07 21:44:20,29.6 MiB
2025-07-07 21:44:21,29.6 MiB
2025-07-07 21:44:22,29.6 MiB
2025-07-07 21:44:23,29.6 MiB
2025-07-07 21:44:24,29.6 MiB
2025-07-07 21:44:25,29.6 MiB
2025-07-07 21:44:26,29.6 MiB
2025-07-07 21:44:27,29.6 MiB
2025-07-07 21:44:28,29.6 MiB
2025-07-07 21:44:29,29.6 MiB
2025-07-07 21:44:30,29.6 MiB
2025-07-07 21:44:31,29.6 MiB
2025-07-07 21:44:32,29.6 MiB
2025-07-07 21:44:33,29.6 MiB
2025-07-07 21:44:34,29.6 MiB
2025-07-07 21:44:35,29.6 MiB
2025-07-07 21:44:36,29.6 MiB
2025-07-07 21:44:37,29.6 MiB
2025-07-07 21:44:38,29.6 MiB
2025-07-07 21:44:39,29.6 MiB
2025-07-07 21:44:40,29.6 MiB
2025-07-07 21:44:41,29.6 MiB
2025-07-07 21:44:42,29.6 MiB
2025-07-07 21:44:43,29.6 MiB
2025-07-07 21:44:44,29.6 MiB
2025-07-07 21:44:45,29.6 MiB
2025-07-07 21:44:46,29.6 MiB
2025-07-07 21:44:47,29.6 MiB
2025-07-07 21:44:48,29.6 MiB
2025-07-07 21:44:49,29.6 MiB
2025-07-07 21:44:50,29.6 MiB
2025-07-07 21:44:51,29.6 MiB
2025-07-07 21:44:52,29.6 MiB
2025-07-07 21:44:53,29.6 MiB
2025-07-07 21:44:54,29.6 MiB
2025-07-07 21:44:55,29.6 MiB
2025-07-07 21:44:56,29.6 MiB
2025-07-07 21:44:57,29.6 MiB
2025-07-07 21:44:58,29.6 MiB
2025-07-07 21:44:59,29.6 MiB
2025-07-07 21:45:00,29.6 MiB