"Time","image-preprocess-6b97b856cf-8wm7g"
2025-07-07 16:19:00,2.71 MiB
2025-07-07 16:19:01,2.71 MiB
2025-07-07 16:19:02,2.71 MiB
2025-07-07 16:19:03,2.71 MiB
2025-07-07 16:19:04,2.71 MiB
2025-07-07 16:19:05,2.71 MiB
2025-07-07 16:19:06,2.71 MiB
2025-07-07 16:19:07,2.71 MiB
2025-07-07 16:19:08,2.71 MiB
2025-07-07 16:19:09,2.71 MiB
2025-07-07 16:19:10,2.71 MiB
2025-07-07 16:19:11,25.0 MiB
2025-07-07 16:19:12,25.0 MiB
2025-07-07 16:19:13,25.0 MiB
2025-07-07 16:19:14,25.0 MiB
2025-07-07 16:19:15,25.0 MiB
2025-07-07 16:19:16,25.0 MiB
2025-07-07 16:19:17,25.0 MiB
2025-07-07 16:19:18,25.0 MiB
2025-07-07 16:19:19,25.0 MiB
2025-07-07 16:19:20,25.0 MiB
2025-07-07 16:19:21,25.0 MiB
2025-07-07 16:19:22,25.0 MiB
2025-07-07 16:19:23,25.0 MiB
2025-07-07 16:19:24,25.0 MiB
2025-07-07 16:19:25,25.0 MiB
2025-07-07 16:19:26,25.0 MiB
2025-07-07 16:19:27,25.0 MiB
2025-07-07 16:19:28,25.0 MiB
2025-07-07 16:19:29,25.0 MiB
2025-07-07 16:19:30,25.0 MiB
2025-07-07 16:19:31,25.0 MiB
2025-07-07 16:19:32,25.0 MiB
2025-07-07 16:19:33,25.0 MiB
2025-07-07 16:19:34,25.0 MiB
2025-07-07 16:19:35,25.0 MiB
2025-07-07 16:19:36,25.0 MiB
2025-07-07 16:19:37,25.0 MiB
2025-07-07 16:19:38,25.0 MiB
2025-07-07 16:19:39,25.0 MiB
2025-07-07 16:19:40,25.0 MiB
2025-07-07 16:19:41,25.0 MiB
2025-07-07 16:19:42,25.0 MiB
2025-07-07 16:19:43,25.0 MiB
2025-07-07 16:19:44,25.0 MiB
2025-07-07 16:19:45,25.0 MiB
2025-07-07 16:19:46,25.0 MiB
2025-07-07 16:19:47,25.0 MiB
2025-07-07 16:19:48,25.0 MiB
2025-07-07 16:19:49,25.0 MiB
2025-07-07 16:19:50,25.0 MiB
2025-07-07 16:19:51,25.0 MiB
2025-07-07 16:19:52,25.0 MiB
2025-07-07 16:19:53,25.0 MiB
2025-07-07 16:19:54,25.0 MiB
2025-07-07 16:19:55,25.0 MiB
2025-07-07 16:19:56,25.0 MiB
2025-07-07 16:19:57,25.0 MiB
2025-07-07 16:19:58,25.0 MiB
2025-07-07 16:19:59,25.0 MiB
2025-07-07 16:20:00,87.7 MiB
2025-07-07 16:20:01,87.7 MiB
2025-07-07 16:20:02,87.7 MiB
2025-07-07 16:20:03,87.7 MiB
2025-07-07 16:20:04,87.7 MiB
2025-07-07 16:20:05,87.7 MiB
2025-07-07 16:20:06,87.7 MiB
2025-07-07 16:20:07,87.7 MiB
2025-07-07 16:20:08,87.7 MiB
2025-07-07 16:20:09,87.7 MiB
2025-07-07 16:20:10,93.3 MiB
2025-07-07 16:20:11,93.3 MiB
2025-07-07 16:20:12,93.3 MiB
2025-07-07 16:20:13,93.3 MiB
2025-07-07 16:20:14,93.3 MiB
2025-07-07 16:20:15,93.3 MiB
2025-07-07 16:20:16,93.3 MiB
2025-07-07 16:20:17,93.3 MiB
2025-07-07 16:20:18,93.3 MiB
2025-07-07 16:20:19,93.3 MiB
2025-07-07 16:20:20,93.3 MiB
2025-07-07 16:20:21,93.3 MiB
2025-07-07 16:20:22,93.3 MiB
2025-07-07 16:20:23,93.3 MiB
2025-07-07 16:20:24,93.3 MiB
2025-07-07 16:20:25,93.3 MiB
2025-07-07 16:20:26,93.3 MiB
2025-07-07 16:20:27,93.3 MiB
2025-07-07 16:20:28,93.3 MiB
2025-07-07 16:20:29,93.3 MiB
2025-07-07 16:20:30,93.3 MiB
2025-07-07 16:20:31,93.3 MiB
2025-07-07 16:20:32,93.3 MiB
2025-07-07 16:20:33,93.3 MiB
2025-07-07 16:20:34,93.3 MiB
2025-07-07 16:20:35,93.3 MiB
2025-07-07 16:20:36,93.3 MiB
2025-07-07 16:20:37,93.3 MiB
2025-07-07 16:20:38,93.3 MiB
2025-07-07 16:20:39,85.7 MiB
2025-07-07 16:20:40,85.7 MiB
2025-07-07 16:20:41,85.7 MiB
2025-07-07 16:20:42,85.7 MiB
2025-07-07 16:20:43,85.7 MiB
2025-07-07 16:20:44,85.7 MiB
2025-07-07 16:20:45,85.7 MiB
2025-07-07 16:20:46,85.7 MiB
2025-07-07 16:20:47,85.7 MiB
2025-07-07 16:20:48,85.7 MiB
2025-07-07 16:20:49,85.7 MiB
2025-07-07 16:20:50,85.7 MiB
2025-07-07 16:20:51,132 MiB
2025-07-07 16:20:52,132 MiB
2025-07-07 16:20:53,132 MiB
2025-07-07 16:20:54,132 MiB
2025-07-07 16:20:55,132 MiB
2025-07-07 16:20:56,132 MiB
2025-07-07 16:20:57,132 MiB
2025-07-07 16:20:58,132 MiB
2025-07-07 16:20:59,132 MiB
2025-07-07 16:21:00,132 MiB
2025-07-07 16:21:01,132 MiB
2025-07-07 16:21:02,132 MiB
2025-07-07 16:21:03,132 MiB
2025-07-07 16:21:04,132 MiB
2025-07-07 16:21:05,132 MiB
2025-07-07 16:21:06,132 MiB
2025-07-07 16:21:07,132 MiB
2025-07-07 16:21:08,132 MiB
2025-07-07 16:21:09,132 MiB
2025-07-07 16:21:10,132 MiB
2025-07-07 16:21:11,132 MiB
2025-07-07 16:21:12,85.3 MiB
2025-07-07 16:21:13,85.3 MiB
2025-07-07 16:21:14,85.3 MiB
2025-07-07 16:21:15,85.3 MiB
2025-07-07 16:21:16,85.3 MiB
2025-07-07 16:21:17,85.3 MiB
2025-07-07 16:21:18,85.3 MiB
2025-07-07 16:21:19,85.3 MiB
2025-07-07 16:21:20,85.3 MiB
2025-07-07 16:21:21,85.3 MiB
2025-07-07 16:21:22,85.3 MiB
2025-07-07 16:21:23,85.3 MiB
2025-07-07 16:21:24,85.3 MiB
2025-07-07 16:21:25,85.3 MiB
2025-07-07 16:21:26,85.3 MiB
2025-07-07 16:21:27,85.3 MiB
2025-07-07 16:21:28,85.3 MiB
2025-07-07 16:21:29,85.3 MiB
2025-07-07 16:21:30,133 MiB
2025-07-07 16:21:31,133 MiB
2025-07-07 16:21:32,133 MiB
2025-07-07 16:21:33,133 MiB
2025-07-07 16:21:34,133 MiB
2025-07-07 16:21:35,133 MiB
2025-07-07 16:21:36,133 MiB
2025-07-07 16:21:37,133 MiB
2025-07-07 16:21:38,133 MiB
2025-07-07 16:21:39,133 MiB
2025-07-07 16:21:40,133 MiB
2025-07-07 16:21:41,133 MiB
2025-07-07 16:21:42,133 MiB
2025-07-07 16:21:43,133 MiB
2025-07-07 16:21:44,133 MiB
2025-07-07 16:21:45,133 MiB
2025-07-07 16:21:46,133 MiB
2025-07-07 16:21:47,133 MiB
2025-07-07 16:21:48,133 MiB
2025-07-07 16:21:49,133 MiB
2025-07-07 16:21:50,133 MiB
2025-07-07 16:21:51,133 MiB
2025-07-07 16:21:52,133 MiB
2025-07-07 16:21:53,133 MiB
2025-07-07 16:21:54,133 MiB
2025-07-07 16:21:55,133 MiB
2025-07-07 16:21:56,133 MiB
2025-07-07 16:21:57,133 MiB
2025-07-07 16:21:58,133 MiB
2025-07-07 16:21:59,133 MiB
2025-07-07 16:22:00,133 MiB
2025-07-07 16:22:01,133 MiB
2025-07-07 16:22:02,133 MiB
2025-07-07 16:22:03,133 MiB
2025-07-07 16:22:04,133 MiB
2025-07-07 16:22:05,133 MiB
2025-07-07 16:22:06,133 MiB
2025-07-07 16:22:07,133 MiB
2025-07-07 16:22:08,133 MiB
2025-07-07 16:22:09,133 MiB
2025-07-07 16:22:10,133 MiB
2025-07-07 16:22:11,85.4 MiB
2025-07-07 16:22:12,85.4 MiB
2025-07-07 16:22:13,85.4 MiB
2025-07-07 16:22:14,85.4 MiB
2025-07-07 16:22:15,85.4 MiB
2025-07-07 16:22:16,85.4 MiB
2025-07-07 16:22:17,85.4 MiB
2025-07-07 16:22:18,85.4 MiB
2025-07-07 16:22:19,85.4 MiB
2025-07-07 16:22:20,85.4 MiB
2025-07-07 16:22:21,85.4 MiB
2025-07-07 16:22:22,85.4 MiB
2025-07-07 16:22:23,85.4 MiB
2025-07-07 16:22:24,85.4 MiB
2025-07-07 16:22:25,85.4 MiB
2025-07-07 16:22:26,85.4 MiB
2025-07-07 16:22:27,133 MiB
2025-07-07 16:22:28,133 MiB
2025-07-07 16:22:29,133 MiB
2025-07-07 16:22:30,133 MiB
2025-07-07 16:22:31,133 MiB
2025-07-07 16:22:32,133 MiB
2025-07-07 16:22:33,133 MiB
2025-07-07 16:22:34,133 MiB
2025-07-07 16:22:35,133 MiB
2025-07-07 16:22:36,133 MiB
2025-07-07 16:22:37,133 MiB
2025-07-07 16:22:38,133 MiB
2025-07-07 16:22:39,133 MiB
2025-07-07 16:22:40,133 MiB
2025-07-07 16:22:41,133 MiB
2025-07-07 16:22:42,133 MiB
2025-07-07 16:22:43,133 MiB
2025-07-07 16:22:44,133 MiB
2025-07-07 16:22:45,134 MiB
2025-07-07 16:22:46,134 MiB
2025-07-07 16:22:47,134 MiB
2025-07-07 16:22:48,134 MiB
2025-07-07 16:22:49,134 MiB
2025-07-07 16:22:50,134 MiB
2025-07-07 16:22:51,134 MiB
2025-07-07 16:22:52,134 MiB
2025-07-07 16:22:53,134 MiB
2025-07-07 16:22:54,134 MiB
2025-07-07 16:22:55,134 MiB
2025-07-07 16:22:56,134 MiB
2025-07-07 16:22:57,134 MiB
2025-07-07 16:22:58,134 MiB
2025-07-07 16:22:59,134 MiB
2025-07-07 16:23:00,134 MiB
2025-07-07 16:23:01,134 MiB
2025-07-07 16:23:02,134 MiB
2025-07-07 16:23:03,87.3 MiB
2025-07-07 16:23:04,87.3 MiB
2025-07-07 16:23:05,87.3 MiB
2025-07-07 16:23:06,87.3 MiB
2025-07-07 16:23:07,87.3 MiB
2025-07-07 16:23:08,87.3 MiB
2025-07-07 16:23:09,87.3 MiB
2025-07-07 16:23:10,87.3 MiB
2025-07-07 16:23:11,87.3 MiB
2025-07-07 16:23:12,87.3 MiB
2025-07-07 16:23:13,87.3 MiB
2025-07-07 16:23:14,87.3 MiB
2025-07-07 16:23:15,87.3 MiB
2025-07-07 16:23:16,87.3 MiB
2025-07-07 16:23:17,87.3 MiB
2025-07-07 16:23:18,87.3 MiB
2025-07-07 16:23:19,87.3 MiB
2025-07-07 16:23:20,87.3 MiB
2025-07-07 16:23:21,87.3 MiB
2025-07-07 16:23:22,87.3 MiB
2025-07-07 16:23:23,87.3 MiB
2025-07-07 16:23:24,87.3 MiB
2025-07-07 16:23:25,87.3 MiB
2025-07-07 16:23:26,87.3 MiB
2025-07-07 16:23:27,87.3 MiB
2025-07-07 16:23:28,87.3 MiB
2025-07-07 16:23:29,87.3 MiB
2025-07-07 16:23:30,87.3 MiB
2025-07-07 16:23:31,87.3 MiB
2025-07-07 16:23:32,87.3 MiB
2025-07-07 16:23:33,134 MiB
2025-07-07 16:23:34,134 MiB
2025-07-07 16:23:35,134 MiB
2025-07-07 16:23:36,134 MiB
2025-07-07 16:23:37,134 MiB
2025-07-07 16:23:38,134 MiB
2025-07-07 16:23:39,134 MiB
2025-07-07 16:23:40,134 MiB
2025-07-07 16:23:41,134 MiB
2025-07-07 16:23:42,134 MiB
2025-07-07 16:23:43,134 MiB
2025-07-07 16:23:44,134 MiB
2025-07-07 16:23:45,134 MiB
2025-07-07 16:23:46,134 MiB
2025-07-07 16:23:47,134 MiB
2025-07-07 16:23:48,134 MiB
2025-07-07 16:23:49,134 MiB
2025-07-07 16:23:50,134 MiB
2025-07-07 16:23:51,134 MiB
2025-07-07 16:23:52,134 MiB
2025-07-07 16:23:53,134 MiB
2025-07-07 16:23:54,134 MiB
2025-07-07 16:23:55,134 MiB
2025-07-07 16:23:56,134 MiB
2025-07-07 16:23:57,134 MiB
2025-07-07 16:23:58,134 MiB
2025-07-07 16:23:59,134 MiB
2025-07-07 16:24:00,134 MiB
2025-07-07 16:24:01,134 MiB
2025-07-07 16:24:02,134 MiB
2025-07-07 16:24:03,134 MiB
2025-07-07 16:24:04,134 MiB
2025-07-07 16:24:05,134 MiB
2025-07-07 16:24:06,87.9 MiB
2025-07-07 16:24:07,87.9 MiB
2025-07-07 16:24:08,87.9 MiB
2025-07-07 16:24:09,87.9 MiB
2025-07-07 16:24:10,87.9 MiB
2025-07-07 16:24:11,87.9 MiB
2025-07-07 16:24:12,87.9 MiB
2025-07-07 16:24:13,87.9 MiB
2025-07-07 16:24:14,87.9 MiB
2025-07-07 16:24:15,87.9 MiB
2025-07-07 16:24:16,87.9 MiB
2025-07-07 16:24:17,87.9 MiB
2025-07-07 16:24:18,87.9 MiB
2025-07-07 16:24:19,87.9 MiB
2025-07-07 16:24:20,87.9 MiB
2025-07-07 16:24:21,87.9 MiB
2025-07-07 16:24:22,87.9 MiB
2025-07-07 16:24:23,87.9 MiB
2025-07-07 16:24:24,135 MiB
2025-07-07 16:24:25,135 MiB
2025-07-07 16:24:26,135 MiB
2025-07-07 16:24:27,135 MiB
2025-07-07 16:24:28,135 MiB
2025-07-07 16:24:29,135 MiB
2025-07-07 16:24:30,135 MiB
2025-07-07 16:24:31,135 MiB
2025-07-07 16:24:32,135 MiB
2025-07-07 16:24:33,135 MiB
2025-07-07 16:24:34,135 MiB
2025-07-07 16:24:35,135 MiB
2025-07-07 16:24:36,135 MiB
2025-07-07 16:24:37,135 MiB
2025-07-07 16:24:38,135 MiB
2025-07-07 16:24:39,88.2 MiB
2025-07-07 16:24:40,88.2 MiB
2025-07-07 16:24:41,88.2 MiB
2025-07-07 16:24:42,88.2 MiB
2025-07-07 16:24:43,88.2 MiB
2025-07-07 16:24:44,88.2 MiB
2025-07-07 16:24:45,88.2 MiB
2025-07-07 16:24:46,88.2 MiB
2025-07-07 16:24:47,88.2 MiB
2025-07-07 16:24:48,88.2 MiB
2025-07-07 16:24:49,88.2 MiB
2025-07-07 16:24:50,88.2 MiB
2025-07-07 16:24:51,88.2 MiB
2025-07-07 16:24:52,88.2 MiB
2025-07-07 16:24:53,88.2 MiB
2025-07-07 16:24:54,88.2 MiB
2025-07-07 16:24:55,134 MiB
2025-07-07 16:24:56,134 MiB
2025-07-07 16:24:57,134 MiB
2025-07-07 16:24:58,134 MiB
2025-07-07 16:24:59,134 MiB
2025-07-07 16:25:00,134 MiB
2025-07-07 16:25:01,134 MiB
2025-07-07 16:25:02,134 MiB
2025-07-07 16:25:03,134 MiB
2025-07-07 16:25:04,134 MiB
2025-07-07 16:25:05,134 MiB
2025-07-07 16:25:06,134 MiB
2025-07-07 16:25:07,134 MiB
2025-07-07 16:25:08,134 MiB
2025-07-07 16:25:09,134 MiB
2025-07-07 16:25:10,134 MiB
2025-07-07 16:25:11,134 MiB
2025-07-07 16:25:12,134 MiB
2025-07-07 16:25:13,134 MiB
2025-07-07 16:25:14,134 MiB
2025-07-07 16:25:15,134 MiB
2025-07-07 16:25:16,134 MiB
2025-07-07 16:25:17,134 MiB
2025-07-07 16:25:18,134 MiB
2025-07-07 16:25:19,134 MiB
2025-07-07 16:25:20,134 MiB
2025-07-07 16:25:21,134 MiB
2025-07-07 16:25:22,134 MiB
2025-07-07 16:25:23,134 MiB
2025-07-07 16:25:24,134 MiB
2025-07-07 16:25:25,134 MiB
2025-07-07 16:25:26,134 MiB
2025-07-07 16:25:27,134 MiB
2025-07-07 16:25:28,134 MiB
2025-07-07 16:25:29,134 MiB
2025-07-07 16:25:30,134 MiB
2025-07-07 16:25:31,134 MiB
2025-07-07 16:25:32,134 MiB
2025-07-07 16:25:33,134 MiB
2025-07-07 16:25:34,134 MiB
2025-07-07 16:25:35,134 MiB
2025-07-07 16:25:36,134 MiB
2025-07-07 16:25:37,134 MiB
2025-07-07 16:25:38,134 MiB
2025-07-07 16:25:39,134 MiB
2025-07-07 16:25:40,134 MiB
2025-07-07 16:25:41,134 MiB
2025-07-07 16:25:42,134 MiB
2025-07-07 16:25:43,134 MiB
2025-07-07 16:25:44,134 MiB
2025-07-07 16:25:45,134 MiB
2025-07-07 16:25:46,134 MiB
2025-07-07 16:25:47,134 MiB
2025-07-07 16:25:48,134 MiB
2025-07-07 16:25:49,134 MiB
2025-07-07 16:25:50,134 MiB
2025-07-07 16:25:51,134 MiB
2025-07-07 16:25:52,134 MiB
2025-07-07 16:25:53,134 MiB
2025-07-07 16:25:54,134 MiB
2025-07-07 16:25:55,134 MiB
2025-07-07 16:25:56,134 MiB
2025-07-07 16:25:57,134 MiB
2025-07-07 16:25:58,134 MiB
2025-07-07 16:25:59,134 MiB
2025-07-07 16:26:00,134 MiB
2025-07-07 16:26:01,134 MiB
2025-07-07 16:26:02,134 MiB
2025-07-07 16:26:03,134 MiB
2025-07-07 16:26:04,134 MiB
2025-07-07 16:26:05,134 MiB
2025-07-07 16:26:06,134 MiB
2025-07-07 16:26:07,134 MiB
2025-07-07 16:26:08,134 MiB
2025-07-07 16:26:09,135 MiB
2025-07-07 16:26:10,135 MiB
2025-07-07 16:26:11,135 MiB
2025-07-07 16:26:12,135 MiB
2025-07-07 16:26:13,135 MiB
2025-07-07 16:26:14,135 MiB
2025-07-07 16:26:15,135 MiB
2025-07-07 16:26:16,135 MiB
2025-07-07 16:26:17,135 MiB
2025-07-07 16:26:18,135 MiB
2025-07-07 16:26:19,135 MiB
2025-07-07 16:26:20,135 MiB
2025-07-07 16:26:21,135 MiB
2025-07-07 16:26:22,135 MiB
2025-07-07 16:26:23,135 MiB
2025-07-07 16:26:24,135 MiB
2025-07-07 16:26:25,135 MiB
2025-07-07 16:26:26,134 MiB
2025-07-07 16:26:27,134 MiB
2025-07-07 16:26:28,134 MiB
2025-07-07 16:26:29,134 MiB
2025-07-07 16:26:30,134 MiB
2025-07-07 16:26:31,134 MiB
2025-07-07 16:26:32,134 MiB
2025-07-07 16:26:33,134 MiB
2025-07-07 16:26:34,134 MiB
2025-07-07 16:26:35,134 MiB
2025-07-07 16:26:36,134 MiB
2025-07-07 16:26:37,134 MiB
2025-07-07 16:26:38,134 MiB
2025-07-07 16:26:39,134 MiB
2025-07-07 16:26:40,134 MiB
2025-07-07 16:26:41,134 MiB
2025-07-07 16:26:42,134 MiB
2025-07-07 16:26:43,134 MiB
2025-07-07 16:26:44,134 MiB
2025-07-07 16:26:45,134 MiB
2025-07-07 16:26:46,134 MiB
2025-07-07 16:26:47,134 MiB
2025-07-07 16:26:48,134 MiB
2025-07-07 16:26:49,134 MiB
2025-07-07 16:26:50,134 MiB
2025-07-07 16:26:51,134 MiB
2025-07-07 16:26:52,134 MiB
2025-07-07 16:26:53,134 MiB
2025-07-07 16:26:54,134 MiB
2025-07-07 16:26:55,134 MiB
2025-07-07 16:26:56,134 MiB
2025-07-07 16:26:57,134 MiB
2025-07-07 16:26:58,134 MiB
2025-07-07 16:26:59,134 MiB
2025-07-07 16:27:00,134 MiB
2025-07-07 16:27:01,134 MiB
2025-07-07 16:27:02,134 MiB
2025-07-07 16:27:03,134 MiB
2025-07-07 16:27:04,134 MiB
2025-07-07 16:27:05,134 MiB
2025-07-07 16:27:06,134 MiB
2025-07-07 16:27:07,134 MiB
2025-07-07 16:27:08,134 MiB
2025-07-07 16:27:09,134 MiB
2025-07-07 16:27:10,134 MiB
2025-07-07 16:27:11,134 MiB
2025-07-07 16:27:12,134 MiB
2025-07-07 16:27:13,83.7 MiB
2025-07-07 16:27:14,83.7 MiB
2025-07-07 16:27:15,83.7 MiB
2025-07-07 16:27:16,83.7 MiB
2025-07-07 16:27:17,83.7 MiB
2025-07-07 16:27:18,83.7 MiB
2025-07-07 16:27:19,83.7 MiB
2025-07-07 16:27:20,83.7 MiB
2025-07-07 16:27:21,83.7 MiB
2025-07-07 16:27:22,83.7 MiB
2025-07-07 16:27:23,83.7 MiB
2025-07-07 16:27:24,83.7 MiB
2025-07-07 16:27:25,83.7 MiB
2025-07-07 16:27:26,83.7 MiB
2025-07-07 16:27:27,83.7 MiB
2025-07-07 16:27:28,83.7 MiB
2025-07-07 16:27:29,83.7 MiB
2025-07-07 16:27:30,83.7 MiB
2025-07-07 16:27:31,83.7 MiB
2025-07-07 16:27:32,83.7 MiB
2025-07-07 16:27:33,83.7 MiB
2025-07-07 16:27:34,83.7 MiB
2025-07-07 16:27:35,83.7 MiB
2025-07-07 16:27:36,83.7 MiB
2025-07-07 16:27:37,83.7 MiB
2025-07-07 16:27:38,83.7 MiB
2025-07-07 16:27:39,83.7 MiB
2025-07-07 16:27:40,83.7 MiB
2025-07-07 16:27:41,83.7 MiB
2025-07-07 16:27:42,83.7 MiB
2025-07-07 16:27:43,83.7 MiB
2025-07-07 16:27:44,83.7 MiB
2025-07-07 16:27:45,83.7 MiB
2025-07-07 16:27:46,83.7 MiB
2025-07-07 16:27:47,83.7 MiB
2025-07-07 16:27:48,83.7 MiB
2025-07-07 16:27:49,83.7 MiB
2025-07-07 16:27:50,83.7 MiB
2025-07-07 16:27:51,83.7 MiB
2025-07-07 16:27:52,83.7 MiB
2025-07-07 16:27:53,83.7 MiB
2025-07-07 16:27:54,83.7 MiB
2025-07-07 16:27:55,83.7 MiB
2025-07-07 16:27:56,83.7 MiB
2025-07-07 16:27:57,83.7 MiB
2025-07-07 16:27:58,83.7 MiB
2025-07-07 16:27:59,83.7 MiB
2025-07-07 16:28:00,83.7 MiB
2025-07-07 16:28:01,83.7 MiB
2025-07-07 16:28:02,83.7 MiB
2025-07-07 16:28:03,83.7 MiB
2025-07-07 16:28:04,83.7 MiB
2025-07-07 16:28:05,83.7 MiB
2025-07-07 16:28:06,83.7 MiB
2025-07-07 16:28:07,83.7 MiB
2025-07-07 16:28:08,83.7 MiB
2025-07-07 16:28:09,83.7 MiB
2025-07-07 16:28:10,83.7 MiB
2025-07-07 16:28:11,83.7 MiB
2025-07-07 16:28:12,83.7 MiB
2025-07-07 16:28:13,83.7 MiB
2025-07-07 16:28:14,83.7 MiB
2025-07-07 16:28:15,83.7 MiB
2025-07-07 16:28:16,83.7 MiB
2025-07-07 16:28:17,83.7 MiB
2025-07-07 16:28:18,83.7 MiB
2025-07-07 16:28:19,83.7 MiB
2025-07-07 16:28:20,83.7 MiB
2025-07-07 16:28:21,83.8 MiB
2025-07-07 16:28:22,83.8 MiB
2025-07-07 16:28:23,83.8 MiB
2025-07-07 16:28:24,83.8 MiB
2025-07-07 16:28:25,83.8 MiB
2025-07-07 16:28:26,83.8 MiB
2025-07-07 16:28:27,83.8 MiB
2025-07-07 16:28:28,83.8 MiB
2025-07-07 16:28:29,83.8 MiB
2025-07-07 16:28:30,83.8 MiB
2025-07-07 16:28:31,83.8 MiB
2025-07-07 16:28:32,83.8 MiB
2025-07-07 16:28:33,83.8 MiB
2025-07-07 16:28:34,83.8 MiB
2025-07-07 16:28:35,83.8 MiB
2025-07-07 16:28:36,83.8 MiB
2025-07-07 16:28:37,83.8 MiB
2025-07-07 16:28:38,83.8 MiB
2025-07-07 16:28:39,83.8 MiB
2025-07-07 16:28:40,83.8 MiB
2025-07-07 16:28:41,83.8 MiB
2025-07-07 16:28:42,83.8 MiB
2025-07-07 16:28:43,83.8 MiB
2025-07-07 16:28:44,83.8 MiB
2025-07-07 16:28:45,83.8 MiB
2025-07-07 16:28:46,83.8 MiB
2025-07-07 16:28:47,83.8 MiB
2025-07-07 16:28:48,83.8 MiB
2025-07-07 16:28:49,83.8 MiB
2025-07-07 16:28:50,83.8 MiB
2025-07-07 16:28:51,83.8 MiB
2025-07-07 16:28:52,83.8 MiB
2025-07-07 16:28:53,83.8 MiB
2025-07-07 16:28:54,83.0 MiB
2025-07-07 16:28:55,83.0 MiB
2025-07-07 16:28:56,83.0 MiB
2025-07-07 16:28:57,83.0 MiB
2025-07-07 16:28:58,83.0 MiB
2025-07-07 16:28:59,83.0 MiB
2025-07-07 16:29:00,83.0 MiB