"Time","image-preprocess-86465bd66c-zkmrk"
2025-07-07 13:42:20,59.3 MiB
2025-07-07 13:42:21,59.3 MiB
2025-07-07 13:42:22,59.3 MiB
2025-07-07 13:42:23,59.3 MiB
2025-07-07 13:42:24,59.3 MiB
2025-07-07 13:42:25,59.3 MiB
2025-07-07 13:42:26,59.3 MiB
2025-07-07 13:42:27,59.3 MiB
2025-07-07 13:42:28,59.3 MiB
2025-07-07 13:42:29,59.3 MiB
2025-07-07 13:42:30,59.3 MiB
2025-07-07 13:42:31,59.3 MiB
2025-07-07 13:42:32,24.8 MiB
2025-07-07 13:42:33,24.8 MiB
2025-07-07 13:42:34,24.8 MiB
2025-07-07 13:42:35,24.8 MiB
2025-07-07 13:42:36,24.8 MiB
2025-07-07 13:42:37,24.8 MiB
2025-07-07 13:42:38,24.8 MiB
2025-07-07 13:42:39,24.8 MiB
2025-07-07 13:42:40,24.8 MiB
2025-07-07 13:42:41,24.8 MiB
2025-07-07 13:42:42,24.8 MiB
2025-07-07 13:42:43,24.8 MiB
2025-07-07 13:42:44,25.0 MiB
2025-07-07 13:42:45,25.0 MiB
2025-07-07 13:42:46,25.0 MiB
2025-07-07 13:42:47,25.0 MiB
2025-07-07 13:42:48,25.0 MiB
2025-07-07 13:42:49,25.0 MiB
2025-07-07 13:42:50,25.0 MiB
2025-07-07 13:42:51,25.0 MiB
2025-07-07 13:42:52,25.0 MiB
2025-07-07 13:42:53,25.0 MiB
2025-07-07 13:42:54,25.0 MiB
2025-07-07 13:42:55,25.0 MiB
2025-07-07 13:42:56,25.0 MiB
2025-07-07 13:42:57,25.0 MiB
2025-07-07 13:42:58,25.0 MiB
2025-07-07 13:42:59,25.0 MiB
2025-07-07 13:43:00,25.0 MiB
2025-07-07 13:43:01,25.0 MiB
2025-07-07 13:43:02,25.0 MiB
2025-07-07 13:43:03,25.0 MiB
2025-07-07 13:43:04,25.0 MiB
2025-07-07 13:43:05,25.0 MiB
2025-07-07 13:43:06,25.0 MiB
2025-07-07 13:43:07,25.0 MiB
2025-07-07 13:43:08,25.0 MiB
2025-07-07 13:43:09,25.0 MiB
2025-07-07 13:43:10,25.1 MiB
2025-07-07 13:43:11,25.1 MiB
2025-07-07 13:43:12,25.1 MiB
2025-07-07 13:43:13,25.1 MiB
2025-07-07 13:43:14,25.1 MiB
2025-07-07 13:43:15,25.1 MiB
2025-07-07 13:43:16,25.1 MiB
2025-07-07 13:43:17,25.1 MiB
2025-07-07 13:43:18,25.1 MiB
2025-07-07 13:43:19,25.1 MiB
2025-07-07 13:43:20,25.1 MiB
2025-07-07 13:43:21,25.1 MiB
2025-07-07 13:43:22,25.1 MiB
2025-07-07 13:43:23,25.1 MiB
2025-07-07 13:43:24,25.1 MiB
2025-07-07 13:43:25,25.1 MiB
2025-07-07 13:43:26,25.1 MiB
2025-07-07 13:43:27,25.1 MiB
2025-07-07 13:43:28,25.1 MiB
2025-07-07 13:43:29,25.1 MiB
2025-07-07 13:43:30,25.1 MiB
2025-07-07 13:43:31,25.1 MiB
2025-07-07 13:43:32,25.1 MiB
2025-07-07 13:43:33,25.1 MiB
2025-07-07 13:43:34,25.1 MiB
2025-07-07 13:43:35,25.1 MiB
2025-07-07 13:43:36,25.1 MiB
2025-07-07 13:43:37,25.1 MiB
2025-07-07 13:43:38,25.2 MiB
2025-07-07 13:43:39,25.2 MiB
2025-07-07 13:43:40,25.2 MiB
2025-07-07 13:43:41,25.2 MiB
2025-07-07 13:43:42,25.2 MiB
2025-07-07 13:43:43,25.2 MiB
2025-07-07 13:43:44,25.2 MiB
2025-07-07 13:43:45,25.2 MiB
2025-07-07 13:43:46,25.2 MiB
2025-07-07 13:43:47,25.2 MiB
2025-07-07 13:43:48,25.2 MiB
2025-07-07 13:43:49,25.2 MiB
2025-07-07 13:43:50,25.2 MiB
2025-07-07 13:43:51,25.2 MiB
2025-07-07 13:43:52,25.2 MiB
2025-07-07 13:43:53,25.2 MiB
2025-07-07 13:43:54,25.2 MiB
2025-07-07 13:43:55,25.2 MiB
2025-07-07 13:43:56,25.2 MiB
2025-07-07 13:43:57,25.2 MiB
2025-07-07 13:43:58,25.2 MiB
2025-07-07 13:43:59,25.2 MiB
2025-07-07 13:44:00,25.2 MiB
2025-07-07 13:44:01,25.2 MiB
2025-07-07 13:44:02,25.2 MiB
2025-07-07 13:44:03,25.2 MiB
2025-07-07 13:44:04,25.2 MiB
2025-07-07 13:44:05,25.2 MiB
2025-07-07 13:44:06,25.2 MiB
2025-07-07 13:44:07,25.2 MiB
2025-07-07 13:44:08,25.2 MiB
2025-07-07 13:44:09,25.2 MiB
2025-07-07 13:44:10,25.2 MiB
2025-07-07 13:44:11,25.2 MiB
2025-07-07 13:44:12,25.2 MiB
2025-07-07 13:44:13,25.2 MiB
2025-07-07 13:44:14,25.2 MiB
2025-07-07 13:44:15,25.2 MiB
2025-07-07 13:44:16,25.2 MiB
2025-07-07 13:44:17,25.2 MiB
2025-07-07 13:44:18,25.2 MiB
2025-07-07 13:44:19,25.2 MiB
2025-07-07 13:44:20,25.2 MiB
2025-07-07 13:44:21,25.2 MiB
2025-07-07 13:44:22,25.2 MiB
2025-07-07 13:44:23,25.2 MiB
2025-07-07 13:44:24,25.3 MiB
2025-07-07 13:44:25,25.3 MiB
2025-07-07 13:44:26,25.3 MiB
2025-07-07 13:44:27,25.3 MiB
2025-07-07 13:44:28,25.3 MiB
2025-07-07 13:44:29,25.3 MiB
2025-07-07 13:44:30,25.3 MiB
2025-07-07 13:44:31,25.3 MiB
2025-07-07 13:44:32,25.3 MiB
2025-07-07 13:44:33,25.3 MiB
2025-07-07 13:44:34,25.3 MiB
2025-07-07 13:44:35,25.3 MiB
2025-07-07 13:44:36,25.3 MiB
2025-07-07 13:44:37,25.3 MiB
2025-07-07 13:44:38,25.3 MiB
2025-07-07 13:44:39,25.3 MiB
2025-07-07 13:44:40,25.3 MiB
2025-07-07 13:44:41,25.3 MiB
2025-07-07 13:44:42,25.3 MiB
2025-07-07 13:44:43,25.3 MiB
2025-07-07 13:44:44,25.3 MiB
2025-07-07 13:44:45,25.3 MiB
2025-07-07 13:44:46,25.3 MiB
2025-07-07 13:44:47,25.3 MiB
2025-07-07 13:44:48,25.3 MiB
2025-07-07 13:44:49,25.3 MiB
2025-07-07 13:44:50,25.4 MiB
2025-07-07 13:44:51,25.4 MiB
2025-07-07 13:44:52,25.4 MiB
2025-07-07 13:44:53,25.4 MiB
2025-07-07 13:44:54,25.4 MiB
2025-07-07 13:44:55,25.4 MiB
2025-07-07 13:44:56,25.4 MiB
2025-07-07 13:44:57,25.4 MiB
2025-07-07 13:44:58,25.4 MiB
2025-07-07 13:44:59,25.4 MiB
2025-07-07 13:45:00,25.4 MiB
2025-07-07 13:45:01,25.4 MiB
2025-07-07 13:45:02,25.4 MiB
2025-07-07 13:45:03,25.4 MiB
2025-07-07 13:45:04,25.4 MiB
2025-07-07 13:45:05,25.4 MiB
2025-07-07 13:45:06,25.4 MiB
2025-07-07 13:45:07,25.4 MiB
2025-07-07 13:45:08,25.4 MiB
2025-07-07 13:45:09,25.4 MiB
2025-07-07 13:45:10,25.4 MiB
2025-07-07 13:45:11,25.4 MiB
2025-07-07 13:45:12,25.4 MiB
2025-07-07 13:45:13,25.4 MiB
2025-07-07 13:45:14,25.4 MiB
2025-07-07 13:45:15,25.4 MiB
2025-07-07 13:45:16,25.4 MiB
2025-07-07 13:45:17,25.4 MiB
2025-07-07 13:45:18,25.5 MiB
2025-07-07 13:45:19,25.5 MiB
2025-07-07 13:45:20,25.5 MiB
2025-07-07 13:45:21,25.5 MiB
2025-07-07 13:45:22,25.5 MiB
2025-07-07 13:45:23,25.5 MiB
2025-07-07 13:45:24,25.5 MiB
2025-07-07 13:45:25,25.5 MiB
2025-07-07 13:45:26,25.5 MiB
2025-07-07 13:45:27,25.5 MiB
2025-07-07 13:45:28,25.5 MiB
2025-07-07 13:45:29,25.5 MiB
2025-07-07 13:45:30,25.5 MiB
2025-07-07 13:45:31,25.5 MiB
2025-07-07 13:45:32,25.5 MiB
2025-07-07 13:45:33,25.5 MiB
2025-07-07 13:45:34,25.5 MiB
2025-07-07 13:45:35,25.5 MiB
2025-07-07 13:45:36,25.5 MiB
2025-07-07 13:45:37,25.6 MiB
2025-07-07 13:45:38,25.6 MiB
2025-07-07 13:45:39,25.6 MiB
2025-07-07 13:45:40,25.6 MiB
2025-07-07 13:45:41,25.6 MiB
2025-07-07 13:45:42,25.6 MiB
2025-07-07 13:45:43,25.6 MiB
2025-07-07 13:45:44,25.6 MiB
2025-07-07 13:45:45,25.6 MiB
2025-07-07 13:45:46,25.6 MiB
2025-07-07 13:45:47,25.6 MiB
2025-07-07 13:45:48,25.6 MiB
2025-07-07 13:45:49,25.6 MiB
2025-07-07 13:45:50,25.6 MiB
2025-07-07 13:45:51,25.6 MiB
2025-07-07 13:45:52,25.6 MiB
2025-07-07 13:45:53,25.6 MiB
2025-07-07 13:45:54,25.6 MiB
2025-07-07 13:45:55,25.6 MiB
2025-07-07 13:45:56,25.6 MiB
2025-07-07 13:45:57,25.6 MiB
2025-07-07 13:45:58,25.6 MiB
2025-07-07 13:45:59,25.6 MiB
2025-07-07 13:46:00,25.6 MiB
2025-07-07 13:46:01,25.6 MiB
2025-07-07 13:46:02,25.6 MiB
2025-07-07 13:46:03,25.6 MiB
2025-07-07 13:46:04,25.6 MiB
2025-07-07 13:46:05,25.6 MiB
2025-07-07 13:46:06,25.6 MiB
2025-07-07 13:46:07,25.6 MiB
2025-07-07 13:46:08,25.6 MiB
2025-07-07 13:46:09,25.6 MiB
2025-07-07 13:46:10,25.6 MiB
2025-07-07 13:46:11,25.6 MiB
2025-07-07 13:46:12,25.7 MiB
2025-07-07 13:46:13,25.7 MiB
2025-07-07 13:46:14,25.7 MiB
2025-07-07 13:46:15,25.7 MiB
2025-07-07 13:46:16,25.7 MiB
2025-07-07 13:46:17,25.7 MiB
2025-07-07 13:46:18,25.7 MiB
2025-07-07 13:46:19,25.7 MiB
2025-07-07 13:46:20,25.7 MiB
2025-07-07 13:46:21,25.7 MiB
2025-07-07 13:46:22,25.7 MiB
2025-07-07 13:46:23,25.7 MiB
2025-07-07 13:46:24,25.7 MiB
2025-07-07 13:46:25,25.7 MiB
2025-07-07 13:46:26,25.8 MiB
2025-07-07 13:46:27,25.8 MiB
2025-07-07 13:46:28,25.8 MiB
2025-07-07 13:46:29,25.8 MiB
2025-07-07 13:46:30,25.8 MiB
2025-07-07 13:46:31,25.8 MiB
2025-07-07 13:46:32,25.8 MiB
2025-07-07 13:46:33,25.8 MiB
2025-07-07 13:46:34,25.8 MiB
2025-07-07 13:46:35,25.8 MiB
2025-07-07 13:46:36,25.8 MiB
2025-07-07 13:46:37,25.8 MiB
2025-07-07 13:46:38,25.8 MiB
2025-07-07 13:46:39,25.8 MiB
2025-07-07 13:46:40,25.8 MiB
2025-07-07 13:46:41,25.8 MiB
2025-07-07 13:46:42,25.8 MiB
2025-07-07 13:46:43,25.8 MiB
2025-07-07 13:46:44,276 KiB
2025-07-07 13:46:45,276 KiB
2025-07-07 13:46:46,276 KiB
2025-07-07 13:46:47,276 KiB
2025-07-07 13:46:48,276 KiB
2025-07-07 13:46:49,276 KiB
2025-07-07 13:46:50,276 KiB
2025-07-07 13:46:51,276 KiB
2025-07-07 13:46:52,276 KiB
2025-07-07 13:46:53,276 KiB
2025-07-07 13:46:54,276 KiB
2025-07-07 13:46:55,276 KiB
2025-07-07 13:46:56,276 KiB
2025-07-07 13:46:57,276 KiB
2025-07-07 13:46:58,276 KiB
2025-07-07 13:46:59,276 KiB
2025-07-07 13:47:00,276 KiB
2025-07-07 13:47:01,276 KiB
2025-07-07 13:47:02,25.0 MiB
2025-07-07 13:47:03,25.0 MiB
2025-07-07 13:47:04,25.0 MiB
2025-07-07 13:47:05,25.0 MiB
2025-07-07 13:47:06,25.0 MiB
2025-07-07 13:47:07,25.0 MiB
2025-07-07 13:47:08,25.0 MiB
2025-07-07 13:47:09,25.0 MiB
2025-07-07 13:47:10,25.0 MiB
2025-07-07 13:47:11,25.0 MiB
2025-07-07 13:47:12,25.0 MiB
2025-07-07 13:47:13,25.0 MiB
2025-07-07 13:47:14,25.0 MiB
2025-07-07 13:47:15,25.0 MiB
2025-07-07 13:47:16,25.0 MiB
2025-07-07 13:47:17,25.0 MiB
2025-07-07 13:47:18,25.0 MiB
2025-07-07 13:47:19,25.0 MiB
2025-07-07 13:47:20,25.0 MiB
2025-07-07 13:47:21,25.0 MiB
2025-07-07 13:47:22,25.0 MiB
2025-07-07 13:47:23,25.0 MiB
2025-07-07 13:47:24,25.0 MiB
2025-07-07 13:47:25,25.0 MiB
2025-07-07 13:47:26,25.0 MiB
2025-07-07 13:47:27,25.0 MiB
2025-07-07 13:47:28,25.0 MiB
2025-07-07 13:47:29,25.0 MiB
2025-07-07 13:47:30,25.0 MiB
2025-07-07 13:47:31,25.0 MiB
2025-07-07 13:47:32,25.0 MiB
2025-07-07 13:47:33,25.0 MiB
2025-07-07 13:47:34,25.0 MiB
2025-07-07 13:47:35,25.0 MiB
2025-07-07 13:47:36,25.0 MiB
2025-07-07 13:47:37,25.0 MiB
2025-07-07 13:47:38,25.0 MiB
2025-07-07 13:47:39,25.0 MiB
2025-07-07 13:47:40,25.0 MiB
2025-07-07 13:47:41,25.0 MiB
2025-07-07 13:47:42,25.0 MiB
2025-07-07 13:47:43,25.0 MiB
2025-07-07 13:47:44,25.0 MiB
2025-07-07 13:47:45,25.0 MiB
2025-07-07 13:47:46,25.0 MiB
2025-07-07 13:47:47,25.0 MiB
2025-07-07 13:47:48,25.0 MiB
2025-07-07 13:47:49,25.3 MiB
2025-07-07 13:47:50,25.3 MiB
2025-07-07 13:47:51,25.3 MiB
2025-07-07 13:47:52,25.3 MiB
2025-07-07 13:47:53,25.3 MiB
2025-07-07 13:47:54,25.3 MiB
2025-07-07 13:47:55,25.3 MiB
2025-07-07 13:47:56,25.3 MiB
2025-07-07 13:47:57,25.3 MiB
2025-07-07 13:47:58,25.3 MiB
2025-07-07 13:47:59,25.3 MiB
2025-07-07 13:48:00,25.3 MiB
2025-07-07 13:48:01,25.3 MiB
2025-07-07 13:48:02,25.3 MiB
2025-07-07 13:48:03,25.1 MiB
2025-07-07 13:48:04,25.1 MiB
2025-07-07 13:48:05,25.1 MiB
2025-07-07 13:48:06,25.1 MiB
2025-07-07 13:48:07,25.1 MiB
2025-07-07 13:48:08,25.1 MiB
2025-07-07 13:48:09,25.1 MiB
2025-07-07 13:48:10,25.1 MiB
2025-07-07 13:48:11,25.1 MiB
2025-07-07 13:48:12,25.1 MiB
2025-07-07 13:48:13,25.1 MiB
2025-07-07 13:48:14,25.2 MiB
2025-07-07 13:48:15,25.2 MiB
2025-07-07 13:48:16,25.2 MiB
2025-07-07 13:48:17,25.2 MiB
2025-07-07 13:48:18,25.2 MiB
2025-07-07 13:48:19,25.2 MiB
2025-07-07 13:48:20,25.2 MiB
2025-07-07 13:48:21,25.2 MiB
2025-07-07 13:48:22,25.2 MiB
2025-07-07 13:48:23,25.2 MiB
2025-07-07 13:48:24,25.2 MiB
2025-07-07 13:48:25,25.2 MiB
2025-07-07 13:48:26,25.2 MiB
2025-07-07 13:48:27,25.2 MiB
2025-07-07 13:48:28,25.2 MiB
2025-07-07 13:48:29,25.2 MiB
2025-07-07 13:48:30,25.2 MiB
2025-07-07 13:48:31,25.2 MiB
2025-07-07 13:48:32,25.2 MiB
2025-07-07 13:48:33,25.2 MiB
2025-07-07 13:48:34,25.2 MiB
2025-07-07 13:48:35,25.2 MiB
2025-07-07 13:48:36,25.2 MiB
2025-07-07 13:48:37,25.2 MiB
2025-07-07 13:48:38,25.2 MiB
2025-07-07 13:48:39,25.4 MiB
2025-07-07 13:48:40,25.4 MiB
2025-07-07 13:48:41,25.4 MiB
2025-07-07 13:48:42,25.4 MiB
2025-07-07 13:48:43,25.4 MiB
2025-07-07 13:48:44,25.4 MiB
2025-07-07 13:48:45,25.4 MiB
2025-07-07 13:48:46,25.4 MiB
2025-07-07 13:48:47,25.4 MiB
2025-07-07 13:48:48,25.4 MiB
2025-07-07 13:48:49,25.4 MiB
2025-07-07 13:48:50,25.4 MiB
2025-07-07 13:48:51,25.4 MiB
2025-07-07 13:48:52,25.4 MiB
2025-07-07 13:48:53,25.4 MiB
2025-07-07 13:48:54,25.4 MiB
2025-07-07 13:48:55,25.4 MiB
2025-07-07 13:48:56,25.4 MiB
2025-07-07 13:48:57,25.4 MiB
2025-07-07 13:48:58,25.4 MiB
2025-07-07 13:48:59,25.4 MiB
2025-07-07 13:49:00,25.4 MiB
2025-07-07 13:49:01,25.4 MiB
2025-07-07 13:49:02,25.4 MiB
2025-07-07 13:49:03,25.4 MiB
2025-07-07 13:49:04,25.3 MiB
2025-07-07 13:49:05,25.3 MiB
2025-07-07 13:49:06,25.3 MiB
2025-07-07 13:49:07,25.3 MiB
2025-07-07 13:49:08,25.3 MiB
2025-07-07 13:49:09,25.3 MiB
2025-07-07 13:49:10,25.3 MiB
2025-07-07 13:49:11,25.3 MiB
2025-07-07 13:49:12,25.3 MiB
2025-07-07 13:49:13,25.3 MiB
2025-07-07 13:49:14,25.3 MiB
2025-07-07 13:49:15,25.3 MiB
2025-07-07 13:49:16,25.3 MiB
2025-07-07 13:49:17,25.3 MiB
2025-07-07 13:49:18,25.3 MiB
2025-07-07 13:49:19,25.3 MiB
2025-07-07 13:49:20,25.3 MiB
2025-07-07 13:49:21,25.3 MiB
2025-07-07 13:49:22,25.3 MiB
2025-07-07 13:49:23,25.4 MiB
2025-07-07 13:49:24,25.4 MiB
2025-07-07 13:49:25,25.4 MiB
2025-07-07 13:49:26,25.4 MiB
2025-07-07 13:49:27,25.4 MiB
2025-07-07 13:49:28,25.4 MiB
2025-07-07 13:49:29,25.4 MiB
2025-07-07 13:49:30,25.4 MiB
2025-07-07 13:49:31,25.4 MiB
2025-07-07 13:49:32,25.4 MiB
2025-07-07 13:49:33,25.4 MiB
2025-07-07 13:49:34,25.4 MiB
2025-07-07 13:49:35,25.4 MiB
2025-07-07 13:49:36,25.4 MiB
2025-07-07 13:49:37,25.4 MiB
2025-07-07 13:49:38,25.4 MiB
2025-07-07 13:49:39,25.4 MiB
2025-07-07 13:49:40,25.4 MiB
2025-07-07 13:49:41,25.4 MiB
2025-07-07 13:49:42,25.4 MiB
2025-07-07 13:49:43,25.4 MiB
2025-07-07 13:49:44,25.4 MiB
2025-07-07 13:49:45,25.4 MiB
2025-07-07 13:49:46,25.4 MiB
2025-07-07 13:49:47,25.4 MiB
2025-07-07 13:49:48,25.4 MiB
2025-07-07 13:49:49,280 KiB
2025-07-07 13:49:50,280 KiB
2025-07-07 13:49:51,280 KiB
2025-07-07 13:49:52,280 KiB
2025-07-07 13:49:53,280 KiB
2025-07-07 13:49:54,280 KiB
2025-07-07 13:49:55,280 KiB
2025-07-07 13:49:56,280 KiB
2025-07-07 13:49:57,280 KiB
2025-07-07 13:49:58,280 KiB
2025-07-07 13:49:59,280 KiB
2025-07-07 13:50:00,280 KiB
2025-07-07 13:50:01,320 KiB
2025-07-07 13:50:02,320 KiB
2025-07-07 13:50:03,320 KiB
2025-07-07 13:50:04,320 KiB
2025-07-07 13:50:05,320 KiB
2025-07-07 13:50:06,320 KiB
2025-07-07 13:50:07,320 KiB
2025-07-07 13:50:08,320 KiB
2025-07-07 13:50:09,320 KiB
2025-07-07 13:50:10,320 KiB
2025-07-07 13:50:11,320 KiB
2025-07-07 13:50:12,320 KiB
2025-07-07 13:50:13,320 KiB
2025-07-07 13:50:14,320 KiB
2025-07-07 13:50:15,320 KiB
2025-07-07 13:50:16,320 KiB
2025-07-07 13:50:17,280 KiB
2025-07-07 13:50:18,280 KiB
2025-07-07 13:50:19,280 KiB
2025-07-07 13:50:20,280 KiB
2025-07-07 13:50:21,280 KiB
2025-07-07 13:50:22,280 KiB
2025-07-07 13:50:23,280 KiB
2025-07-07 13:50:24,280 KiB
2025-07-07 13:50:25,280 KiB
2025-07-07 13:50:26,280 KiB
2025-07-07 13:50:27,280 KiB
2025-07-07 13:50:28,280 KiB
2025-07-07 13:50:29,276 KiB
2025-07-07 13:50:30,276 KiB
2025-07-07 13:50:31,276 KiB
2025-07-07 13:50:32,276 KiB
2025-07-07 13:50:33,276 KiB
2025-07-07 13:50:34,276 KiB
2025-07-07 13:50:35,276 KiB
2025-07-07 13:50:36,276 KiB
2025-07-07 13:50:37,276 KiB
2025-07-07 13:50:38,276 KiB
2025-07-07 13:50:39,276 KiB
2025-07-07 13:50:40,276 KiB
2025-07-07 13:50:41,276 KiB
2025-07-07 13:50:42,276 KiB
2025-07-07 13:50:43,276 KiB
2025-07-07 13:50:44,276 KiB
2025-07-07 13:50:45,276 KiB
2025-07-07 13:50:46,276 KiB
2025-07-07 13:50:47,276 KiB
2025-07-07 13:50:48,276 KiB
2025-07-07 13:50:49,276 KiB
2025-07-07 13:50:50,276 KiB
2025-07-07 13:50:51,276 KiB
2025-07-07 13:50:52,276 KiB
2025-07-07 13:50:53,276 KiB
2025-07-07 13:50:54,276 KiB
2025-07-07 13:50:55,276 KiB
2025-07-07 13:50:56,276 KiB
2025-07-07 13:50:57,276 KiB
2025-07-07 13:50:58,276 KiB
2025-07-07 13:50:59,276 KiB
2025-07-07 13:51:00,25.1 MiB
2025-07-07 13:51:01,25.1 MiB
2025-07-07 13:51:02,25.1 MiB
2025-07-07 13:51:03,25.1 MiB
2025-07-07 13:51:04,25.1 MiB
2025-07-07 13:51:05,25.1 MiB
2025-07-07 13:51:06,25.1 MiB
2025-07-07 13:51:07,25.1 MiB
2025-07-07 13:51:08,25.1 MiB
2025-07-07 13:51:09,25.1 MiB
2025-07-07 13:51:10,25.1 MiB
2025-07-07 13:51:11,25.1 MiB
2025-07-07 13:51:12,25.1 MiB
2025-07-07 13:51:13,25.1 MiB
2025-07-07 13:51:14,25.1 MiB
2025-07-07 13:51:15,25.1 MiB
2025-07-07 13:51:16,25.1 MiB
2025-07-07 13:51:17,25.1 MiB
2025-07-07 13:51:18,25.1 MiB
2025-07-07 13:51:19,25.1 MiB
2025-07-07 13:51:20,25.1 MiB
2025-07-07 13:51:21,25.1 MiB
2025-07-07 13:51:22,25.1 MiB
2025-07-07 13:51:23,25.1 MiB
2025-07-07 13:51:24,25.1 MiB
2025-07-07 13:51:25,25.1 MiB
2025-07-07 13:51:26,25.1 MiB
2025-07-07 13:51:27,25.1 MiB
2025-07-07 13:51:28,25.1 MiB
2025-07-07 13:51:29,25.1 MiB
2025-07-07 13:51:30,25.1 MiB
2025-07-07 13:51:31,25.1 MiB
2025-07-07 13:51:32,25.1 MiB
2025-07-07 13:51:33,25.1 MiB
2025-07-07 13:51:34,25.1 MiB
2025-07-07 13:51:35,25.1 MiB
2025-07-07 13:51:36,25.1 MiB
2025-07-07 13:51:37,25.1 MiB
2025-07-07 13:51:38,25.1 MiB
2025-07-07 13:51:39,25.1 MiB
2025-07-07 13:51:40,25.1 MiB
2025-07-07 13:51:41,25.1 MiB
2025-07-07 13:51:42,25.1 MiB
2025-07-07 13:51:43,25.1 MiB
2025-07-07 13:51:44,25.1 MiB
2025-07-07 13:51:45,25.1 MiB
2025-07-07 13:51:46,25.1 MiB
2025-07-07 13:51:47,25.1 MiB
2025-07-07 13:51:48,25.1 MiB
2025-07-07 13:51:49,25.1 MiB
2025-07-07 13:51:50,25.1 MiB