"Time","image-stats-746c9bfb67-2sr2g"
2025-07-07 13:42:20,31.5 MiB
2025-07-07 13:42:21,31.5 MiB
2025-07-07 13:42:22,31.5 MiB
2025-07-07 13:42:23,31.5 MiB
2025-07-07 13:42:24,31.5 MiB
2025-07-07 13:42:25,31.5 MiB
2025-07-07 13:42:26,31.5 MiB
2025-07-07 13:42:27,31.5 MiB
2025-07-07 13:42:28,31.5 MiB
2025-07-07 13:42:29,31.5 MiB
2025-07-07 13:42:30,31.5 MiB
2025-07-07 13:42:31,31.5 MiB
2025-07-07 13:42:32,31.5 MiB
2025-07-07 13:42:33,31.5 MiB
2025-07-07 13:42:34,31.5 MiB
2025-07-07 13:42:35,33.6 MiB
2025-07-07 13:42:36,33.6 MiB
2025-07-07 13:42:37,33.6 MiB
2025-07-07 13:42:38,33.6 MiB
2025-07-07 13:42:39,33.6 MiB
2025-07-07 13:42:40,33.6 MiB
2025-07-07 13:42:41,33.6 MiB
2025-07-07 13:42:42,33.6 MiB
2025-07-07 13:42:43,33.6 MiB
2025-07-07 13:42:44,33.6 MiB
2025-07-07 13:42:45,33.6 MiB
2025-07-07 13:42:46,33.6 MiB
2025-07-07 13:42:47,33.6 MiB
2025-07-07 13:42:48,33.6 MiB
2025-07-07 13:42:49,33.6 MiB
2025-07-07 13:42:50,33.6 MiB
2025-07-07 13:42:51,33.6 MiB
2025-07-07 13:42:52,33.7 MiB
2025-07-07 13:42:53,33.7 MiB
2025-07-07 13:42:54,33.7 MiB
2025-07-07 13:42:55,33.7 MiB
2025-07-07 13:42:56,33.7 MiB
2025-07-07 13:42:57,33.7 MiB
2025-07-07 13:42:58,33.7 MiB
2025-07-07 13:42:59,33.7 MiB
2025-07-07 13:43:00,33.7 MiB
2025-07-07 13:43:01,33.7 MiB
2025-07-07 13:43:02,33.7 MiB
2025-07-07 13:43:03,33.7 MiB
2025-07-07 13:43:04,33.7 MiB
2025-07-07 13:43:05,33.7 MiB
2025-07-07 13:43:06,33.7 MiB
2025-07-07 13:43:07,33.7 MiB
2025-07-07 13:43:08,33.7 MiB
2025-07-07 13:43:09,33.7 MiB
2025-07-07 13:43:10,33.7 MiB
2025-07-07 13:43:11,33.7 MiB
2025-07-07 13:43:12,33.7 MiB
2025-07-07 13:43:13,33.7 MiB
2025-07-07 13:43:14,33.7 MiB
2025-07-07 13:43:15,33.7 MiB
2025-07-07 13:43:16,33.7 MiB
2025-07-07 13:43:17,33.7 MiB
2025-07-07 13:43:18,33.7 MiB
2025-07-07 13:43:19,33.7 MiB
2025-07-07 13:43:20,33.7 MiB
2025-07-07 13:43:21,33.7 MiB
2025-07-07 13:43:22,33.7 MiB
2025-07-07 13:43:23,33.7 MiB
2025-07-07 13:43:24,33.7 MiB
2025-07-07 13:43:25,33.7 MiB
2025-07-07 13:43:26,33.7 MiB
2025-07-07 13:43:27,33.7 MiB
2025-07-07 13:43:28,33.7 MiB
2025-07-07 13:43:29,33.7 MiB
2025-07-07 13:43:30,33.7 MiB
2025-07-07 13:43:31,33.7 MiB
2025-07-07 13:43:32,33.7 MiB
2025-07-07 13:43:33,33.8 MiB
2025-07-07 13:43:34,33.8 MiB
2025-07-07 13:43:35,33.8 MiB
2025-07-07 13:43:36,33.8 MiB
2025-07-07 13:43:37,33.8 MiB
2025-07-07 13:43:38,33.8 MiB
2025-07-07 13:43:39,33.8 MiB
2025-07-07 13:43:40,33.8 MiB
2025-07-07 13:43:41,33.8 MiB
2025-07-07 13:43:42,33.8 MiB
2025-07-07 13:43:43,33.9 MiB
2025-07-07 13:43:44,33.9 MiB
2025-07-07 13:43:45,33.9 MiB
2025-07-07 13:43:46,33.9 MiB
2025-07-07 13:43:47,33.9 MiB
2025-07-07 13:43:48,33.9 MiB
2025-07-07 13:43:49,33.9 MiB
2025-07-07 13:43:50,33.9 MiB
2025-07-07 13:43:51,33.9 MiB
2025-07-07 13:43:52,33.9 MiB
2025-07-07 13:43:53,33.9 MiB
2025-07-07 13:43:54,33.9 MiB
2025-07-07 13:43:55,33.9 MiB
2025-07-07 13:43:56,33.9 MiB
2025-07-07 13:43:57,33.9 MiB
2025-07-07 13:43:58,33.9 MiB
2025-07-07 13:43:59,33.9 MiB
2025-07-07 13:44:00,33.9 MiB
2025-07-07 13:44:01,33.9 MiB
2025-07-07 13:44:02,33.9 MiB
2025-07-07 13:44:03,33.9 MiB
2025-07-07 13:44:04,33.9 MiB
2025-07-07 13:44:05,33.9 MiB
2025-07-07 13:44:06,33.9 MiB
2025-07-07 13:44:07,33.9 MiB
2025-07-07 13:44:08,33.9 MiB
2025-07-07 13:44:09,33.9 MiB
2025-07-07 13:44:10,33.9 MiB
2025-07-07 13:44:11,34.0 MiB
2025-07-07 13:44:12,34.0 MiB
2025-07-07 13:44:13,34.0 MiB
2025-07-07 13:44:14,34.0 MiB
2025-07-07 13:44:15,34.0 MiB
2025-07-07 13:44:16,34.0 MiB
2025-07-07 13:44:17,34.0 MiB
2025-07-07 13:44:18,34.0 MiB
2025-07-07 13:44:19,34.0 MiB
2025-07-07 13:44:20,34.0 MiB
2025-07-07 13:44:21,34.0 MiB
2025-07-07 13:44:22,34.0 MiB
2025-07-07 13:44:23,34.0 MiB
2025-07-07 13:44:24,34.0 MiB
2025-07-07 13:44:25,34.0 MiB
2025-07-07 13:44:26,34.0 MiB
2025-07-07 13:44:27,34.0 MiB
2025-07-07 13:44:28,34.0 MiB
2025-07-07 13:44:29,34.0 MiB
2025-07-07 13:44:30,34.1 MiB
2025-07-07 13:44:31,34.1 MiB
2025-07-07 13:44:32,34.1 MiB
2025-07-07 13:44:33,34.1 MiB
2025-07-07 13:44:34,34.1 MiB
2025-07-07 13:44:35,34.1 MiB
2025-07-07 13:44:36,34.1 MiB
2025-07-07 13:44:37,34.1 MiB
2025-07-07 13:44:38,34.1 MiB
2025-07-07 13:44:39,34.1 MiB
2025-07-07 13:44:40,34.1 MiB
2025-07-07 13:44:41,34.1 MiB
2025-07-07 13:44:42,34.1 MiB
2025-07-07 13:44:43,34.1 MiB
2025-07-07 13:44:44,34.1 MiB
2025-07-07 13:44:45,34.1 MiB
2025-07-07 13:44:46,34.1 MiB
2025-07-07 13:44:47,34.1 MiB
2025-07-07 13:44:48,34.1 MiB
2025-07-07 13:44:49,34.1 MiB
2025-07-07 13:44:50,34.1 MiB
2025-07-07 13:44:51,34.1 MiB
2025-07-07 13:44:52,34.1 MiB
2025-07-07 13:44:53,34.1 MiB
2025-07-07 13:44:54,34.1 MiB
2025-07-07 13:44:55,34.1 MiB
2025-07-07 13:44:56,34.1 MiB
2025-07-07 13:44:57,34.1 MiB
2025-07-07 13:44:58,34.1 MiB
2025-07-07 13:44:59,34.1 MiB
2025-07-07 13:45:00,34.1 MiB
2025-07-07 13:45:01,34.1 MiB
2025-07-07 13:45:02,34.1 MiB
2025-07-07 13:45:03,34.1 MiB
2025-07-07 13:45:04,34.1 MiB
2025-07-07 13:45:05,34.1 MiB
2025-07-07 13:45:06,34.1 MiB
2025-07-07 13:45:07,34.1 MiB
2025-07-07 13:45:08,34.2 MiB
2025-07-07 13:45:09,34.2 MiB
2025-07-07 13:45:10,34.2 MiB
2025-07-07 13:45:11,34.2 MiB
2025-07-07 13:45:12,34.2 MiB
2025-07-07 13:45:13,34.2 MiB
2025-07-07 13:45:14,34.2 MiB
2025-07-07 13:45:15,34.2 MiB
2025-07-07 13:45:16,34.2 MiB
2025-07-07 13:45:17,34.2 MiB
2025-07-07 13:45:18,34.2 MiB
2025-07-07 13:45:19,34.2 MiB
2025-07-07 13:45:20,34.2 MiB
2025-07-07 13:45:21,34.2 MiB
2025-07-07 13:45:22,34.2 MiB
2025-07-07 13:45:23,34.2 MiB
2025-07-07 13:45:24,34.2 MiB
2025-07-07 13:45:25,34.2 MiB
2025-07-07 13:45:26,34.2 MiB
2025-07-07 13:45:27,34.2 MiB
2025-07-07 13:45:28,34.2 MiB
2025-07-07 13:45:29,34.2 MiB
2025-07-07 13:45:30,34.2 MiB
2025-07-07 13:45:31,34.2 MiB
2025-07-07 13:45:32,34.2 MiB
2025-07-07 13:45:33,34.2 MiB
2025-07-07 13:45:34,34.2 MiB
2025-07-07 13:45:35,34.2 MiB
2025-07-07 13:45:36,34.2 MiB
2025-07-07 13:45:37,34.2 MiB
2025-07-07 13:45:38,34.2 MiB
2025-07-07 13:45:39,34.2 MiB
2025-07-07 13:45:40,34.2 MiB
2025-07-07 13:45:41,34.2 MiB
2025-07-07 13:45:42,34.2 MiB
2025-07-07 13:45:43,34.2 MiB
2025-07-07 13:45:44,34.2 MiB
2025-07-07 13:45:45,34.2 MiB
2025-07-07 13:45:46,34.4 MiB
2025-07-07 13:45:47,34.4 MiB
2025-07-07 13:45:48,34.4 MiB
2025-07-07 13:45:49,34.4 MiB
2025-07-07 13:45:50,34.4 MiB
2025-07-07 13:45:51,34.4 MiB
2025-07-07 13:45:52,34.4 MiB
2025-07-07 13:45:53,34.4 MiB
2025-07-07 13:45:54,34.4 MiB
2025-07-07 13:45:55,34.4 MiB
2025-07-07 13:45:56,34.4 MiB
2025-07-07 13:45:57,34.4 MiB
2025-07-07 13:45:58,34.4 MiB
2025-07-07 13:45:59,34.4 MiB
2025-07-07 13:46:00,34.4 MiB
2025-07-07 13:46:01,34.4 MiB
2025-07-07 13:46:02,34.4 MiB
2025-07-07 13:46:03,34.4 MiB
2025-07-07 13:46:04,34.3 MiB
2025-07-07 13:46:05,34.3 MiB
2025-07-07 13:46:06,34.3 MiB
2025-07-07 13:46:07,34.3 MiB
2025-07-07 13:46:08,34.3 MiB
2025-07-07 13:46:09,34.3 MiB
2025-07-07 13:46:10,34.3 MiB
2025-07-07 13:46:11,34.3 MiB
2025-07-07 13:46:12,34.3 MiB
2025-07-07 13:46:13,34.3 MiB
2025-07-07 13:46:14,34.3 MiB
2025-07-07 13:46:15,34.3 MiB
2025-07-07 13:46:16,34.3 MiB
2025-07-07 13:46:17,34.3 MiB
2025-07-07 13:46:18,34.3 MiB
2025-07-07 13:46:19,34.3 MiB
2025-07-07 13:46:20,34.3 MiB
2025-07-07 13:46:21,34.3 MiB
2025-07-07 13:46:22,34.3 MiB
2025-07-07 13:46:23,34.3 MiB
2025-07-07 13:46:24,34.3 MiB
2025-07-07 13:46:25,34.3 MiB
2025-07-07 13:46:26,34.3 MiB
2025-07-07 13:46:27,34.3 MiB
2025-07-07 13:46:28,34.3 MiB
2025-07-07 13:46:29,34.3 MiB
2025-07-07 13:46:30,34.3 MiB
2025-07-07 13:46:31,34.3 MiB
2025-07-07 13:46:32,34.3 MiB
2025-07-07 13:46:33,34.3 MiB
2025-07-07 13:46:34,34.3 MiB
2025-07-07 13:46:35,34.3 MiB
2025-07-07 13:46:36,34.5 MiB
2025-07-07 13:46:37,34.5 MiB
2025-07-07 13:46:38,34.5 MiB
2025-07-07 13:46:39,34.5 MiB
2025-07-07 13:46:40,34.5 MiB
2025-07-07 13:46:41,34.5 MiB
2025-07-07 13:46:42,34.5 MiB
2025-07-07 13:46:43,34.5 MiB
2025-07-07 13:46:44,34.5 MiB
2025-07-07 13:46:45,34.5 MiB
2025-07-07 13:46:46,34.5 MiB
2025-07-07 13:46:47,34.5 MiB
2025-07-07 13:46:48,34.5 MiB
2025-07-07 13:46:49,34.5 MiB
2025-07-07 13:46:50,34.5 MiB
2025-07-07 13:46:51,34.5 MiB
2025-07-07 13:46:52,34.5 MiB
2025-07-07 13:46:53,34.5 MiB
2025-07-07 13:46:54,34.5 MiB
2025-07-07 13:46:55,34.6 MiB
2025-07-07 13:46:56,34.6 MiB
2025-07-07 13:46:57,34.6 MiB
2025-07-07 13:46:58,34.6 MiB
2025-07-07 13:46:59,34.6 MiB
2025-07-07 13:47:00,34.6 MiB
2025-07-07 13:47:01,34.6 MiB
2025-07-07 13:47:02,34.6 MiB
2025-07-07 13:47:03,34.6 MiB
2025-07-07 13:47:04,34.6 MiB
2025-07-07 13:47:05,34.6 MiB
2025-07-07 13:47:06,34.6 MiB
2025-07-07 13:47:07,34.6 MiB
2025-07-07 13:47:08,34.6 MiB
2025-07-07 13:47:09,34.6 MiB
2025-07-07 13:47:10,34.6 MiB
2025-07-07 13:47:11,34.6 MiB
2025-07-07 13:47:12,34.8 MiB
2025-07-07 13:47:13,34.8 MiB
2025-07-07 13:47:14,34.8 MiB
2025-07-07 13:47:15,34.8 MiB
2025-07-07 13:47:16,34.8 MiB
2025-07-07 13:47:17,34.8 MiB
2025-07-07 13:47:18,34.8 MiB
2025-07-07 13:47:19,34.8 MiB
2025-07-07 13:47:20,34.8 MiB
2025-07-07 13:47:21,34.8 MiB
2025-07-07 13:47:22,34.8 MiB
2025-07-07 13:47:23,34.8 MiB
2025-07-07 13:47:24,34.8 MiB
2025-07-07 13:47:25,34.8 MiB
2025-07-07 13:47:26,34.8 MiB
2025-07-07 13:47:27,34.8 MiB
2025-07-07 13:47:28,34.8 MiB
2025-07-07 13:47:29,34.8 MiB
2025-07-07 13:47:30,34.8 MiB
2025-07-07 13:47:31,34.8 MiB
2025-07-07 13:47:32,34.8 MiB
2025-07-07 13:47:33,34.8 MiB
2025-07-07 13:47:34,34.8 MiB
2025-07-07 13:47:35,34.8 MiB
2025-07-07 13:47:36,34.8 MiB
2025-07-07 13:47:37,34.8 MiB
2025-07-07 13:47:38,34.8 MiB
2025-07-07 13:47:39,34.8 MiB
2025-07-07 13:47:40,34.8 MiB
2025-07-07 13:47:41,34.8 MiB
2025-07-07 13:47:42,34.8 MiB
2025-07-07 13:47:43,34.8 MiB
2025-07-07 13:47:44,34.8 MiB
2025-07-07 13:47:45,34.8 MiB
2025-07-07 13:47:46,34.8 MiB
2025-07-07 13:47:47,34.8 MiB
2025-07-07 13:47:48,34.8 MiB
2025-07-07 13:47:49,34.8 MiB
2025-07-07 13:47:50,34.8 MiB
2025-07-07 13:47:51,34.8 MiB
2025-07-07 13:47:52,34.8 MiB
2025-07-07 13:47:53,34.8 MiB
2025-07-07 13:47:54,34.8 MiB
2025-07-07 13:47:55,34.8 MiB
2025-07-07 13:47:56,34.8 MiB
2025-07-07 13:47:57,34.8 MiB
2025-07-07 13:47:58,34.8 MiB
2025-07-07 13:47:59,34.8 MiB
2025-07-07 13:48:00,34.8 MiB
2025-07-07 13:48:01,34.8 MiB
2025-07-07 13:48:02,34.8 MiB
2025-07-07 13:48:03,34.8 MiB
2025-07-07 13:48:04,34.8 MiB
2025-07-07 13:48:05,34.8 MiB
2025-07-07 13:48:06,34.8 MiB
2025-07-07 13:48:07,34.8 MiB
2025-07-07 13:48:08,34.8 MiB
2025-07-07 13:48:09,34.8 MiB
2025-07-07 13:48:10,34.8 MiB
2025-07-07 13:48:11,34.8 MiB
2025-07-07 13:48:12,34.8 MiB
2025-07-07 13:48:13,34.8 MiB
2025-07-07 13:48:14,34.8 MiB
2025-07-07 13:48:15,34.8 MiB
2025-07-07 13:48:16,34.8 MiB
2025-07-07 13:48:17,34.8 MiB
2025-07-07 13:48:18,34.8 MiB
2025-07-07 13:48:19,34.9 MiB
2025-07-07 13:48:20,34.9 MiB
2025-07-07 13:48:21,34.9 MiB
2025-07-07 13:48:22,34.9 MiB
2025-07-07 13:48:23,34.9 MiB
2025-07-07 13:48:24,34.9 MiB
2025-07-07 13:48:25,34.9 MiB
2025-07-07 13:48:26,34.9 MiB
2025-07-07 13:48:27,34.9 MiB
2025-07-07 13:48:28,34.9 MiB
2025-07-07 13:48:29,34.9 MiB
2025-07-07 13:48:30,34.9 MiB
2025-07-07 13:48:31,34.9 MiB
2025-07-07 13:48:32,34.9 MiB
2025-07-07 13:48:33,34.9 MiB
2025-07-07 13:48:34,34.9 MiB
2025-07-07 13:48:35,34.9 MiB
2025-07-07 13:48:36,34.9 MiB
2025-07-07 13:48:37,34.9 MiB
2025-07-07 13:48:38,34.9 MiB
2025-07-07 13:48:39,34.9 MiB
2025-07-07 13:48:40,34.9 MiB
2025-07-07 13:48:41,34.9 MiB
2025-07-07 13:48:42,34.9 MiB
2025-07-07 13:48:43,34.9 MiB
2025-07-07 13:48:44,34.9 MiB
2025-07-07 13:48:45,34.9 MiB
2025-07-07 13:48:46,34.9 MiB
2025-07-07 13:48:47,34.9 MiB
2025-07-07 13:48:48,34.9 MiB
2025-07-07 13:48:49,34.9 MiB
2025-07-07 13:48:50,34.9 MiB
2025-07-07 13:48:51,34.9 MiB
2025-07-07 13:48:52,34.9 MiB
2025-07-07 13:48:53,34.9 MiB
2025-07-07 13:48:54,34.9 MiB
2025-07-07 13:48:55,34.9 MiB
2025-07-07 13:48:56,34.9 MiB
2025-07-07 13:48:57,34.9 MiB
2025-07-07 13:48:58,34.9 MiB
2025-07-07 13:48:59,34.9 MiB
2025-07-07 13:49:00,34.9 MiB
2025-07-07 13:49:01,34.9 MiB
2025-07-07 13:49:02,34.9 MiB
2025-07-07 13:49:03,34.9 MiB
2025-07-07 13:49:04,34.9 MiB
2025-07-07 13:49:05,35.0 MiB
2025-07-07 13:49:06,35.0 MiB
2025-07-07 13:49:07,35.0 MiB
2025-07-07 13:49:08,35.0 MiB
2025-07-07 13:49:09,35.0 MiB
2025-07-07 13:49:10,35.0 MiB
2025-07-07 13:49:11,35.0 MiB
2025-07-07 13:49:12,35.0 MiB
2025-07-07 13:49:13,35.0 MiB
2025-07-07 13:49:14,35.0 MiB
2025-07-07 13:49:15,35.0 MiB
2025-07-07 13:49:16,35.0 MiB
2025-07-07 13:49:17,35.0 MiB
2025-07-07 13:49:18,35.0 MiB
2025-07-07 13:49:19,35.0 MiB
2025-07-07 13:49:20,35.0 MiB
2025-07-07 13:49:21,35.0 MiB
2025-07-07 13:49:22,35.0 MiB
2025-07-07 13:49:23,35.0 MiB
2025-07-07 13:49:24,35.0 MiB
2025-07-07 13:49:25,35.1 MiB
2025-07-07 13:49:26,35.1 MiB
2025-07-07 13:49:27,35.1 MiB
2025-07-07 13:49:28,35.1 MiB
2025-07-07 13:49:29,35.1 MiB
2025-07-07 13:49:30,35.1 MiB
2025-07-07 13:49:31,35.1 MiB
2025-07-07 13:49:32,35.1 MiB
2025-07-07 13:49:33,35.1 MiB
2025-07-07 13:49:34,35.1 MiB
2025-07-07 13:49:35,35.1 MiB
2025-07-07 13:49:36,35.1 MiB
2025-07-07 13:49:37,35.1 MiB
2025-07-07 13:49:38,35.1 MiB
2025-07-07 13:49:39,35.1 MiB
2025-07-07 13:49:40,35.1 MiB
2025-07-07 13:49:41,35.1 MiB
2025-07-07 13:49:42,35.1 MiB
2025-07-07 13:49:43,35.1 MiB
2025-07-07 13:49:44,35.2 MiB
2025-07-07 13:49:45,35.2 MiB
2025-07-07 13:49:46,35.2 MiB
2025-07-07 13:49:47,35.2 MiB
2025-07-07 13:49:48,35.2 MiB
2025-07-07 13:49:49,35.2 MiB
2025-07-07 13:49:50,35.2 MiB
2025-07-07 13:49:51,35.2 MiB
2025-07-07 13:49:52,35.2 MiB
2025-07-07 13:49:53,35.2 MiB
2025-07-07 13:49:54,35.2 MiB
2025-07-07 13:49:55,35.2 MiB
2025-07-07 13:49:56,35.2 MiB
2025-07-07 13:49:57,35.8 MiB
2025-07-07 13:49:58,35.8 MiB
2025-07-07 13:49:59,35.8 MiB
2025-07-07 13:50:00,35.8 MiB
2025-07-07 13:50:01,35.8 MiB
2025-07-07 13:50:02,35.8 MiB
2025-07-07 13:50:03,35.8 MiB
2025-07-07 13:50:04,35.8 MiB
2025-07-07 13:50:05,35.8 MiB
2025-07-07 13:50:06,35.8 MiB
2025-07-07 13:50:07,35.8 MiB
2025-07-07 13:50:08,35.8 MiB
2025-07-07 13:50:09,35.8 MiB
2025-07-07 13:50:10,35.9 MiB
2025-07-07 13:50:11,35.9 MiB
2025-07-07 13:50:12,35.9 MiB
2025-07-07 13:50:13,35.9 MiB
2025-07-07 13:50:14,35.9 MiB
2025-07-07 13:50:15,35.9 MiB
2025-07-07 13:50:16,35.9 MiB
2025-07-07 13:50:17,35.9 MiB
2025-07-07 13:50:18,35.9 MiB
2025-07-07 13:50:19,35.9 MiB
2025-07-07 13:50:20,35.9 MiB
2025-07-07 13:50:21,35.9 MiB
2025-07-07 13:50:22,35.9 MiB
2025-07-07 13:50:23,35.9 MiB
2025-07-07 13:50:24,35.9 MiB
2025-07-07 13:50:25,35.9 MiB
2025-07-07 13:50:26,35.9 MiB
2025-07-07 13:50:27,35.9 MiB
2025-07-07 13:50:28,35.9 MiB
2025-07-07 13:50:29,36.0 MiB
2025-07-07 13:50:30,36.0 MiB
2025-07-07 13:50:31,36.0 MiB
2025-07-07 13:50:32,36.0 MiB
2025-07-07 13:50:33,36.0 MiB
2025-07-07 13:50:34,36.0 MiB
2025-07-07 13:50:35,36.0 MiB
2025-07-07 13:50:36,36.0 MiB
2025-07-07 13:50:37,36.0 MiB
2025-07-07 13:50:38,36.0 MiB
2025-07-07 13:50:39,36.0 MiB
2025-07-07 13:50:40,36.0 MiB
2025-07-07 13:50:41,36.0 MiB
2025-07-07 13:50:42,36.0 MiB
2025-07-07 13:50:43,36.0 MiB
2025-07-07 13:50:44,36.0 MiB
2025-07-07 13:50:45,36.0 MiB
2025-07-07 13:50:46,36.1 MiB
2025-07-07 13:50:47,36.1 MiB
2025-07-07 13:50:48,36.1 MiB
2025-07-07 13:50:49,36.1 MiB
2025-07-07 13:50:50,36.1 MiB
2025-07-07 13:50:51,36.1 MiB
2025-07-07 13:50:52,36.1 MiB
2025-07-07 13:50:53,36.1 MiB
2025-07-07 13:50:54,36.1 MiB
2025-07-07 13:50:55,36.1 MiB
2025-07-07 13:50:56,36.1 MiB
2025-07-07 13:50:57,36.1 MiB
2025-07-07 13:50:58,36.1 MiB
2025-07-07 13:50:59,36.1 MiB
2025-07-07 13:51:00,36.1 MiB
2025-07-07 13:51:01,36.1 MiB
2025-07-07 13:51:02,36.1 MiB
2025-07-07 13:51:03,36.1 MiB
2025-07-07 13:51:04,36.0 MiB
2025-07-07 13:51:05,36.0 MiB
2025-07-07 13:51:06,36.0 MiB
2025-07-07 13:51:07,36.0 MiB
2025-07-07 13:51:08,36.0 MiB
2025-07-07 13:51:09,36.0 MiB
2025-07-07 13:51:10,36.0 MiB
2025-07-07 13:51:11,36.0 MiB
2025-07-07 13:51:12,36.0 MiB
2025-07-07 13:51:13,36.0 MiB
2025-07-07 13:51:14,36.0 MiB
2025-07-07 13:51:15,36.0 MiB
2025-07-07 13:51:16,36.0 MiB
2025-07-07 13:51:17,36.0 MiB
2025-07-07 13:51:18,36.0 MiB
2025-07-07 13:51:19,36.0 MiB
2025-07-07 13:51:20,36.0 MiB
2025-07-07 13:51:21,36.0 MiB
2025-07-07 13:51:22,36.0 MiB
2025-07-07 13:51:23,36.0 MiB
2025-07-07 13:51:24,36.0 MiB
2025-07-07 13:51:25,36.0 MiB
2025-07-07 13:51:26,36.0 MiB
2025-07-07 13:51:27,36.0 MiB
2025-07-07 13:51:28,36.0 MiB
2025-07-07 13:51:29,36.0 MiB
2025-07-07 13:51:30,36.0 MiB
2025-07-07 13:51:31,36.1 MiB
2025-07-07 13:51:32,36.1 MiB
2025-07-07 13:51:33,36.1 MiB
2025-07-07 13:51:34,36.1 MiB
2025-07-07 13:51:35,36.1 MiB
2025-07-07 13:51:36,36.1 MiB
2025-07-07 13:51:37,36.1 MiB
2025-07-07 13:51:38,36.1 MiB
2025-07-07 13:51:39,36.1 MiB
2025-07-07 13:51:40,36.1 MiB
2025-07-07 13:51:41,36.1 MiB
2025-07-07 13:51:42,36.1 MiB
2025-07-07 13:51:43,36.1 MiB
2025-07-07 13:51:44,36.1 MiB
2025-07-07 13:51:45,36.1 MiB
2025-07-07 13:51:46,36.1 MiB
2025-07-07 13:51:47,36.1 MiB
2025-07-07 13:51:48,36.1 MiB
2025-07-07 13:51:49,36.1 MiB
2025-07-07 13:51:50,36.1 MiB