"Time","{instance=""worker3"", interface=""lxc0058bbbb0c82""}"
2025-07-08 14:02:00,471 B/s
2025-07-08 14:02:02,469 B/s
2025-07-08 14:02:04,469 B/s
2025-07-08 14:02:06,469 B/s
2025-07-08 14:02:08,469 B/s
2025-07-08 14:02:10,469 B/s
2025-07-08 14:02:12,357 B/s
2025-07-08 14:02:14,372 B/s
2025-07-08 14:02:16,388 B/s
2025-07-08 14:02:18,457 B/s
2025-07-08 14:02:20,457 B/s
2025-07-08 14:02:22,457 B/s
2025-07-08 14:02:24,457 B/s
2025-07-08 14:02:26,457 B/s
2025-07-08 14:02:28,385 B/s
2025-07-08 14:02:30,369 B/s
2025-07-08 14:02:32,226 B/s
2025-07-08 14:02:34,1.28 MB/s
2025-07-08 14:02:36,1.33 MB/s
2025-07-08 14:02:38,1.57 MB/s
2025-07-08 14:02:40,1.57 MB/s
2025-07-08 14:02:42,1.57 MB/s
2025-07-08 14:02:44,2.85 MB/s
2025-07-08 14:02:46,2.85 MB/s
2025-07-08 14:02:48,2.85 MB/s
2025-07-08 14:02:50,2.85 MB/s
2025-07-08 14:02:52,3.56 MB/s
2025-07-08 14:02:54,3.56 MB/s
2025-07-08 14:02:56,3.56 MB/s
2025-07-08 14:02:58,3.03 MB/s
2025-07-08 14:03:00,2.91 MB/s
2025-07-08 14:03:02,3.78 MB/s
2025-07-08 14:03:04,2.85 MB/s
2025-07-08 14:03:06,2.85 MB/s
2025-07-08 14:03:08,2.85 MB/s
2025-07-08 14:03:10,2.85 MB/s
2025-07-08 14:03:12,2.11 MB/s
2025-07-08 14:03:14,1.62 MB/s
2025-07-08 14:03:16,1.69 MB/s
2025-07-08 14:03:18,2.01 MB/s
2025-07-08 14:03:20,2.01 MB/s
2025-07-08 14:03:22,2.01 MB/s
2025-07-08 14:03:24,2.01 MB/s
2025-07-08 14:03:26,2.01 MB/s
2025-07-08 14:03:28,1.71 MB/s
2025-07-08 14:03:30,1.64 MB/s
2025-07-08 14:03:32,1.57 MB/s
2025-07-08 14:03:34,456 B/s
2025-07-08 14:03:36,456 B/s
2025-07-08 14:03:38,456 B/s
2025-07-08 14:03:40,456 B/s
2025-07-08 14:03:42,456 B/s
2025-07-08 14:03:44,368 B/s
2025-07-08 14:03:46,383 B/s
2025-07-08 14:03:48,456 B/s
2025-07-08 14:03:50,456 B/s
2025-07-08 14:03:52,456 B/s
2025-07-08 14:03:54,456 B/s
2025-07-08 14:03:56,456 B/s
2025-07-08 14:03:58,388 B/s
2025-07-08 14:04:00,373 B/s
2025-07-08 14:04:02,358 B/s
2025-07-08 14:04:04,449 B/s
2025-07-08 14:04:06,449 B/s
2025-07-08 14:04:08,449 B/s
2025-07-08 14:04:10,449 B/s
2025-07-08 14:04:12,449 B/s
2025-07-08 14:04:14,362 B/s
2025-07-08 14:04:16,377 B/s
2025-07-08 14:04:18,450 B/s
2025-07-08 14:04:20,450 B/s
2025-07-08 14:04:22,450 B/s
2025-07-08 14:04:24,450 B/s
2025-07-08 14:04:26,450 B/s
2025-07-08 14:04:28,384 B/s
2025-07-08 14:04:30,369 B/s
2025-07-08 14:04:32,354 B/s
2025-07-08 14:04:34,470 B/s
2025-07-08 14:04:36,470 B/s
2025-07-08 14:04:38,470 B/s
2025-07-08 14:04:40,470 B/s
2025-07-08 14:04:42,470 B/s
2025-07-08 14:04:44,386 B/s
2025-07-08 14:04:46,402 B/s
2025-07-08 14:04:48,481 B/s
2025-07-08 14:04:50,481 B/s
2025-07-08 14:04:52,481 B/s
2025-07-08 14:04:54,481 B/s
2025-07-08 14:04:56,481 B/s
2025-07-08 14:04:58,411 B/s
2025-07-08 14:05:00,395 B/s
2025-07-08 14:05:02,379 B/s
2025-07-08 14:05:04,480 B/s
2025-07-08 14:05:06,480 B/s
2025-07-08 14:05:08,480 B/s
2025-07-08 14:05:10,480 B/s
2025-07-08 14:05:12,480 B/s
2025-07-08 14:05:14,375 B/s
2025-07-08 14:05:16,391 B/s
2025-07-08 14:05:18,468 B/s
2025-07-08 14:05:20,468 B/s
2025-07-08 14:05:22,468 B/s
2025-07-08 14:05:24,468 B/s
2025-07-08 14:05:26,468 B/s
2025-07-08 14:05:28,401 B/s
2025-07-08 14:05:30,385 B/s
2025-07-08 14:05:32,370 B/s
2025-07-08 14:05:34,464 B/s
2025-07-08 14:05:36,464 B/s
2025-07-08 14:05:38,464 B/s
2025-07-08 14:05:40,464 B/s
2025-07-08 14:05:42,464 B/s
2025-07-08 14:05:44,374 B/s
2025-07-08 14:05:46,390 B/s
2025-07-08 14:05:48,460 B/s
2025-07-08 14:05:50,385 B/s
2025-07-08 14:05:52,370 B/s
2025-07-08 14:05:54,1.84 MB/s
2025-07-08 14:05:56,1.84 MB/s
2025-07-08 14:05:58,1.84 MB/s
2025-07-08 14:06:00,1.84 MB/s
2025-07-08 14:06:02,1.84 MB/s
2025-07-08 14:06:04,2.87 MB/s
2025-07-08 14:06:06,2.87 MB/s
2025-07-08 14:06:08,2.87 MB/s
2025-07-08 14:06:10,2.87 MB/s
2025-07-08 14:06:12,2.87 MB/s
2025-07-08 14:06:14,2.87 MB/s
2025-07-08 14:06:16,2.98 MB/s
2025-07-08 14:06:18,3.10 MB/s
2025-07-08 14:06:20,3.59 MB/s
2025-07-08 14:06:22,3.59 MB/s
2025-07-08 14:06:24,3.59 MB/s
2025-07-08 14:06:26,3.59 MB/s
2025-07-08 14:06:28,3.08 MB/s
2025-07-08 14:06:30,2.96 MB/s
2025-07-08 14:06:32,2.84 MB/s
2025-07-08 14:06:34,1.03 MB/s
2025-07-08 14:06:36,1.07 MB/s
2025-07-08 14:06:38,1.12 MB/s
2025-07-08 14:06:40,1.29 MB/s
2025-07-08 14:06:42,1.29 MB/s
2025-07-08 14:06:44,1.03 MB/s
2025-07-08 14:06:46,1.03 MB/s
2025-07-08 14:06:48,1.03 MB/s
2025-07-08 14:06:50,1.03 MB/s
2025-07-08 14:06:52,1.03 MB/s
2025-07-08 14:06:54,447 B/s
2025-07-08 14:06:56,447 B/s
2025-07-08 14:06:58,385 B/s
2025-07-08 14:07:00,370 B/s
2025-07-08 14:07:02,355 B/s
2025-07-08 14:07:04,447 B/s
2025-07-08 14:07:06,447 B/s
2025-07-08 14:07:08,447 B/s
2025-07-08 14:07:10,447 B/s
2025-07-08 14:07:12,447 B/s
2025-07-08 14:07:14,356 B/s
2025-07-08 14:07:16,370 B/s
2025-07-08 14:07:18,385 B/s
2025-07-08 14:07:20,447 B/s
2025-07-08 14:07:22,447 B/s
2025-07-08 14:07:24,447 B/s
2025-07-08 14:07:26,447 B/s
2025-07-08 14:07:28,385 B/s
2025-07-08 14:07:30,370 B/s
2025-07-08 14:07:32,355 B/s
2025-07-08 14:07:34,448 B/s
2025-07-08 14:07:36,448 B/s
2025-07-08 14:07:38,448 B/s
2025-07-08 14:07:40,448 B/s
2025-07-08 14:07:42,448 B/s
2025-07-08 14:07:44,359 B/s
2025-07-08 14:07:46,374 B/s
2025-07-08 14:07:48,389 B/s
2025-07-08 14:07:50,452 B/s
2025-07-08 14:07:52,452 B/s
2025-07-08 14:07:54,452 B/s
2025-07-08 14:07:56,452 B/s
2025-07-08 14:07:58,390 B/s
2025-07-08 14:08:00,375 B/s
2025-07-08 14:08:02,360 B/s
2025-07-08 14:08:04,458 B/s
2025-07-08 14:08:06,458 B/s
2025-07-08 14:08:08,458 B/s
2025-07-08 14:08:10,458 B/s
2025-07-08 14:08:12,458 B/s
2025-07-08 14:08:14,370 B/s
2025-07-08 14:08:16,385 B/s
2025-07-08 14:08:18,401 B/s
2025-07-08 14:08:20,467 B/s
2025-07-08 14:08:22,467 B/s
2025-07-08 14:08:24,467 B/s
2025-07-08 14:08:26,467 B/s
2025-07-08 14:08:28,404 B/s
2025-07-08 14:08:30,388 B/s
2025-07-08 14:08:32,373 B/s
2025-07-08 14:08:34,464 B/s
2025-07-08 14:08:36,464 B/s
2025-07-08 14:08:38,464 B/s
2025-07-08 14:08:40,464 B/s
2025-07-08 14:08:42,464 B/s
2025-07-08 14:08:44,363 B/s
2025-07-08 14:08:46,378 B/s
2025-07-08 14:08:48,393 B/s
2025-07-08 14:08:50,458 B/s
2025-07-08 14:08:52,458 B/s
2025-07-08 14:08:54,458 B/s
2025-07-08 14:08:56,458 B/s
2025-07-08 14:08:58,458 B/s
2025-07-08 14:09:00,382 B/s
2025-07-08 14:09:02,367 B/s
2025-07-08 14:09:04,1.26 MB/s
2025-07-08 14:09:06,1.26 MB/s
2025-07-08 14:09:08,1.26 MB/s
2025-07-08 14:09:10,1.26 MB/s
2025-07-08 14:09:12,1.26 MB/s
2025-07-08 14:09:14,2.49 MB/s
2025-07-08 14:09:16,2.60 MB/s
2025-07-08 14:09:18,2.71 MB/s
2025-07-08 14:09:20,3.16 MB/s
2025-07-08 14:09:22,3.16 MB/s
2025-07-08 14:09:24,3.16 MB/s
2025-07-08 14:09:26,3.16 MB/s
2025-07-08 14:09:28,3.16 MB/s
2025-07-08 14:09:30,2.64 MB/s
2025-07-08 14:09:32,2.53 MB/s
2025-07-08 14:09:34,2.87 MB/s
2025-07-08 14:09:36,2.87 MB/s
2025-07-08 14:09:38,2.87 MB/s
2025-07-08 14:09:40,2.87 MB/s
2025-07-08 14:09:42,2.87 MB/s
2025-07-08 14:09:44,1.58 MB/s
2025-07-08 14:09:46,1.65 MB/s
2025-07-08 14:09:48,1.72 MB/s
2025-07-08 14:09:50,2.01 MB/s
2025-07-08 14:09:52,2.01 MB/s
2025-07-08 14:09:54,2.01 MB/s
2025-07-08 14:09:56,2.01 MB/s
2025-07-08 14:09:58,2.01 MB/s
2025-07-08 14:10:00,1.68 MB/s
2025-07-08 14:10:02,1.61 MB/s
2025-07-08 14:10:04,345 kB/s
2025-07-08 14:10:06,345 kB/s
2025-07-08 14:10:08,345 kB/s
2025-07-08 14:10:10,345 kB/s
2025-07-08 14:10:12,345 kB/s
2025-07-08 14:10:14,352 B/s
2025-07-08 14:10:16,367 B/s
2025-07-08 14:10:18,381 B/s
2025-07-08 14:10:20,447 B/s
2025-07-08 14:10:22,447 B/s
2025-07-08 14:10:24,447 B/s
2025-07-08 14:10:26,447 B/s
2025-07-08 14:10:28,447 B/s
2025-07-08 14:10:30,374 B/s
2025-07-08 14:10:32,359 B/s
2025-07-08 14:10:34,449 B/s
2025-07-08 14:10:36,449 B/s
2025-07-08 14:10:38,449 B/s
2025-07-08 14:10:40,449 B/s
2025-07-08 14:10:42,449 B/s
2025-07-08 14:10:44,357 B/s
2025-07-08 14:10:46,373 B/s
2025-07-08 14:10:48,388 B/s
2025-07-08 14:10:50,455 B/s
2025-07-08 14:10:52,455 B/s
2025-07-08 14:10:54,455 B/s
2025-07-08 14:10:56,455 B/s
2025-07-08 14:10:58,455 B/s
2025-07-08 14:11:00,382 B/s
2025-07-08 14:11:02,367 B/s
2025-07-08 14:11:04,460 B/s
2025-07-08 14:11:06,460 B/s
2025-07-08 14:11:08,460 B/s
2025-07-08 14:11:10,460 B/s
2025-07-08 14:11:12,460 B/s
2025-07-08 14:11:14,366 B/s
2025-07-08 14:11:16,381 B/s
2025-07-08 14:11:18,397 B/s
2025-07-08 14:11:20,467 B/s
2025-07-08 14:11:22,467 B/s
2025-07-08 14:11:24,467 B/s
2025-07-08 14:11:26,467 B/s
2025-07-08 14:11:28,467 B/s
2025-07-08 14:11:30,392 B/s
2025-07-08 14:11:32,377 B/s
2025-07-08 14:11:34,468 B/s
2025-07-08 14:11:36,468 B/s
2025-07-08 14:11:38,468 B/s
2025-07-08 14:11:40,468 B/s
2025-07-08 14:11:42,468 B/s
2025-07-08 14:11:44,368 B/s
2025-07-08 14:11:46,383 B/s
2025-07-08 14:11:48,399 B/s
2025-07-08 14:11:50,470 B/s
2025-07-08 14:11:52,470 B/s
2025-07-08 14:11:54,470 B/s
2025-07-08 14:11:56,470 B/s
2025-07-08 14:11:58,470 B/s
2025-07-08 14:12:00,396 B/s
2025-07-08 14:12:02,380 B/s
2025-07-08 14:12:04,2.46 kB/s
2025-07-08 14:12:06,2.46 kB/s
2025-07-08 14:12:08,2.46 kB/s
2025-07-08 14:12:10,2.46 kB/s
2025-07-08 14:12:12,2.46 kB/s
2025-07-08 14:12:14,1.07 MB/s
2025-07-08 14:12:16,1.11 MB/s
2025-07-08 14:12:18,1.16 MB/s
2025-07-08 14:12:20,1.36 MB/s
2025-07-08 14:12:22,1.36 MB/s
2025-07-08 14:12:24,1.36 MB/s
2025-07-08 14:12:26,1.36 MB/s
2025-07-08 14:12:28,1.36 MB/s
2025-07-08 14:12:30,1.15 MB/s
2025-07-08 14:12:32,1.11 MB/s
2025-07-08 14:12:34,2.87 MB/s
2025-07-08 14:12:36,2.87 MB/s
2025-07-08 14:12:38,2.87 MB/s
2025-07-08 14:12:40,2.87 MB/s
2025-07-08 14:12:42,2.87 MB/s
2025-07-08 14:12:44,2.80 MB/s
2025-07-08 14:12:46,2.92 MB/s
2025-07-08 14:12:48,3.04 MB/s
2025-07-08 14:12:50,3.59 MB/s
2025-07-08 14:12:52,3.59 MB/s
2025-07-08 14:12:54,3.59 MB/s
2025-07-08 14:12:56,3.59 MB/s
2025-07-08 14:12:58,3.59 MB/s
2025-07-08 14:13:00,3.03 MB/s
2025-07-08 14:13:02,2.91 MB/s
2025-07-08 14:13:04,2.35 MB/s
2025-07-08 14:13:06,1.78 MB/s
2025-07-08 14:13:08,1.78 MB/s
2025-07-08 14:13:10,1.78 MB/s
2025-07-08 14:13:12,1.78 MB/s
2025-07-08 14:13:14,436 B/s
2025-07-08 14:13:16,444 B/s
2025-07-08 14:13:18,463 B/s
2025-07-08 14:13:20,547 B/s
2025-07-08 14:13:22,547 B/s
2025-07-08 14:13:24,547 B/s
2025-07-08 14:13:26,547 B/s
2025-07-08 14:13:28,547 B/s
2025-07-08 14:13:30,463 B/s
2025-07-08 14:13:32,445 B/s
2025-07-08 14:13:34,433 B/s
2025-07-08 14:13:36,553 B/s
2025-07-08 14:13:38,553 B/s
2025-07-08 14:13:40,553 B/s
2025-07-08 14:13:42,553 B/s
2025-07-08 14:13:44,439 B/s
2025-07-08 14:13:46,448 B/s
2025-07-08 14:13:48,466 B/s
2025-07-08 14:13:50,552 B/s
2025-07-08 14:13:52,552 B/s
2025-07-08 14:13:54,552 B/s
2025-07-08 14:13:56,552 B/s
2025-07-08 14:13:58,552 B/s
2025-07-08 14:14:00,468 B/s
2025-07-08 14:14:02,450 B/s
2025-07-08 14:14:04,431 B/s
2025-07-08 14:14:06,556 B/s
2025-07-08 14:14:08,556 B/s
2025-07-08 14:14:10,556 B/s
2025-07-08 14:14:12,556 B/s
2025-07-08 14:14:14,556 B/s
2025-07-08 14:14:16,445 B/s
2025-07-08 14:14:18,464 B/s
2025-07-08 14:14:20,550 B/s
2025-07-08 14:14:22,550 B/s
2025-07-08 14:14:24,550 B/s
2025-07-08 14:14:26,550 B/s
2025-07-08 14:14:28,550 B/s
2025-07-08 14:14:30,467 B/s
2025-07-08 14:14:32,449 B/s
2025-07-08 14:14:34,431 B/s
2025-07-08 14:14:36,551 B/s
2025-07-08 14:14:38,551 B/s
2025-07-08 14:14:40,551 B/s
2025-07-08 14:14:42,551 B/s
2025-07-08 14:14:44,551 B/s
2025-07-08 14:14:46,443 B/s
2025-07-08 14:14:48,461 B/s
2025-07-08 14:14:50,548 B/s
2025-07-08 14:14:52,548 B/s
2025-07-08 14:14:54,548 B/s
2025-07-08 14:14:56,548 B/s
2025-07-08 14:14:58,548 B/s
2025-07-08 14:15:00,466 B/s
2025-07-08 14:15:02,448 B/s
2025-07-08 14:15:04,430 B/s
2025-07-08 14:15:06,530 B/s
2025-07-08 14:15:08,530 B/s
2025-07-08 14:15:10,530 B/s
2025-07-08 14:15:12,530 B/s
2025-07-08 14:15:14,530 B/s
2025-07-08 14:15:16,404 B/s
2025-07-08 14:15:18,421 B/s
2025-07-08 14:15:20,501 B/s
2025-07-08 14:15:22,501 B/s
2025-07-08 14:15:24,501 B/s
2025-07-08 14:15:26,501 B/s
2025-07-08 14:15:28,501 B/s
2025-07-08 14:15:30,427 B/s
2025-07-08 14:15:32,410 B/s
2025-07-08 14:15:34,394 B/s
2025-07-08 14:15:36,477 B/s
2025-07-08 14:15:38,477 B/s
2025-07-08 14:15:40,477 B/s
2025-07-08 14:15:42,477 B/s
2025-07-08 14:15:44,477 B/s
2025-07-08 14:15:46,374 B/s
2025-07-08 14:15:48,390 B/s
2025-07-08 14:15:50,465 B/s
2025-07-08 14:15:52,465 B/s
2025-07-08 14:15:54,465 B/s
2025-07-08 14:15:56,465 B/s
2025-07-08 14:15:58,465 B/s
2025-07-08 14:16:00,397 B/s
2025-07-08 14:16:02,381 B/s
2025-07-08 14:16:04,366 B/s
2025-07-08 14:16:06,493 B/s
2025-07-08 14:16:08,493 B/s
2025-07-08 14:16:10,493 B/s
2025-07-08 14:16:12,493 B/s
2025-07-08 14:16:14,493 B/s
2025-07-08 14:16:16,347 kB/s
2025-07-08 14:16:18,361 kB/s
2025-07-08 14:16:20,431 kB/s
2025-07-08 14:16:22,431 kB/s
2025-07-08 14:16:24,431 kB/s
2025-07-08 14:16:26,431 kB/s
2025-07-08 14:16:28,431 kB/s
2025-07-08 14:16:30,369 kB/s
2025-07-08 14:16:32,354 kB/s
2025-07-08 14:16:34,340 kB/s
2025-07-08 14:16:36,2.01 MB/s
2025-07-08 14:16:38,2.01 MB/s
2025-07-08 14:16:40,2.01 MB/s
2025-07-08 14:16:42,2.01 MB/s
2025-07-08 14:16:44,2.01 MB/s
2025-07-08 14:16:46,2.88 MB/s
2025-07-08 14:16:48,3.00 MB/s
2025-07-08 14:16:50,3.59 MB/s
2025-07-08 14:16:52,3.59 MB/s
2025-07-08 14:16:54,3.59 MB/s
2025-07-08 14:16:56,3.59 MB/s
2025-07-08 14:16:58,3.59 MB/s
2025-07-08 14:17:00,3.07 MB/s
2025-07-08 14:17:02,2.95 MB/s
2025-07-08 14:17:04,2.83 MB/s
2025-07-08 14:17:06,2.53 MB/s
2025-07-08 14:17:08,2.53 MB/s
2025-07-08 14:17:10,2.53 MB/s
2025-07-08 14:17:12,2.53 MB/s
2025-07-08 14:17:14,2.53 MB/s
2025-07-08 14:17:16,862 kB/s
2025-07-08 14:17:18,897 kB/s
2025-07-08 14:17:20,1.08 MB/s
2025-07-08 14:17:22,1.08 MB/s
2025-07-08 14:17:24,1.08 MB/s
2025-07-08 14:17:26,1.08 MB/s
2025-07-08 14:17:28,1.08 MB/s
2025-07-08 14:17:30,924 kB/s
2025-07-08 14:17:32,888 kB/s
2025-07-08 14:17:34,852 kB/s
2025-07-08 14:17:36,554 B/s
2025-07-08 14:17:38,554 B/s
2025-07-08 14:17:40,554 B/s
2025-07-08 14:17:42,554 B/s
2025-07-08 14:17:44,554 B/s
2025-07-08 14:17:46,443 B/s
2025-07-08 14:17:48,461 B/s
2025-07-08 14:17:50,480 B/s
2025-07-08 14:17:52,554 B/s
2025-07-08 14:17:54,554 B/s
2025-07-08 14:17:56,554 B/s
2025-07-08 14:17:58,554 B/s
2025-07-08 14:18:00,476 B/s
2025-07-08 14:18:02,458 B/s
2025-07-08 14:18:04,439 B/s
2025-07-08 14:18:06,559 B/s
2025-07-08 14:18:08,559 B/s
2025-07-08 14:18:10,559 B/s
2025-07-08 14:18:12,559 B/s
2025-07-08 14:18:14,559 B/s
2025-07-08 14:18:16,445 B/s
2025-07-08 14:18:18,463 B/s
2025-07-08 14:18:20,482 B/s
2025-07-08 14:18:22,557 B/s
2025-07-08 14:18:24,557 B/s
2025-07-08 14:18:26,557 B/s
2025-07-08 14:18:28,557 B/s
2025-07-08 14:18:30,482 B/s
2025-07-08 14:18:32,463 B/s
2025-07-08 14:18:34,445 B/s
2025-07-08 14:18:36,551 B/s
2025-07-08 14:18:38,551 B/s
2025-07-08 14:18:40,551 B/s
2025-07-08 14:18:42,551 B/s
2025-07-08 14:18:44,551 B/s
2025-07-08 14:18:46,436 B/s
2025-07-08 14:18:48,454 B/s
2025-07-08 14:18:50,472 B/s
2025-07-08 14:18:52,547 B/s
2025-07-08 14:18:54,547 B/s
2025-07-08 14:18:56,547 B/s
2025-07-08 14:18:58,547 B/s
2025-07-08 14:19:00,547 B/s
2025-07-08 14:19:02,456 B/s
2025-07-08 14:19:04,437 B/s
2025-07-08 14:19:06,545 B/s
2025-07-08 14:19:08,545 B/s
2025-07-08 14:19:10,545 B/s
2025-07-08 14:19:12,545 B/s
2025-07-08 14:19:14,545 B/s
2025-07-08 14:19:16,430 B/s
2025-07-08 14:19:18,448 B/s
2025-07-08 14:19:20,466 B/s
2025-07-08 14:19:22,544 B/s
2025-07-08 14:19:24,544 B/s
2025-07-08 14:19:26,548 B/s
2025-07-08 14:19:28,548 B/s
2025-07-08 14:19:30,548 B/s
2025-07-08 14:19:32,548 B/s
2025-07-08 14:19:34,548 B/s
2025-07-08 14:19:36,546 B/s
2025-07-08 14:19:38,546 B/s
2025-07-08 14:19:40,546 B/s
2025-07-08 14:19:42,455 B/s
2025-07-08 14:19:44,437 B/s
2025-07-08 14:19:46,433 B/s
2025-07-08 14:19:48,451 B/s
2025-07-08 14:19:50,469 B/s
2025-07-08 14:19:52,548 B/s
2025-07-08 14:19:54,548 B/s
2025-07-08 14:19:56,548 B/s
2025-07-08 14:19:58,548 B/s
2025-07-08 14:20:00,548 B/s
2025-07-08 14:20:02,458 B/s
2025-07-08 14:20:04,439 B/s
2025-07-08 14:20:06,548 B/s
2025-07-08 14:20:08,548 B/s
2025-07-08 14:20:10,548 B/s
2025-07-08 14:20:12,548 B/s
2025-07-08 14:20:14,548 B/s
2025-07-08 14:20:16,547 B/s
2025-07-08 14:20:18,547 B/s
2025-07-08 14:20:20,547 B/s
2025-07-08 14:20:22,547 B/s
2025-07-08 14:20:24,547 B/s
2025-07-08 14:20:26,432 B/s
2025-07-08 14:20:28,451 B/s
2025-07-08 14:20:30,469 B/s
2025-07-08 14:20:32,549 B/s
2025-07-08 14:20:34,549 B/s
2025-07-08 14:20:36,549 B/s
2025-07-08 14:20:38,549 B/s
2025-07-08 14:20:40,549 B/s
2025-07-08 14:20:42,460 B/s
2025-07-08 14:20:44,442 B/s
2025-07-08 14:20:46,437 B/s
2025-07-08 14:20:48,456 B/s
2025-07-08 14:20:50,474 B/s
2025-07-08 14:20:52,556 B/s
2025-07-08 14:20:54,556 B/s
2025-07-08 14:20:56,555 B/s
2025-07-08 14:20:58,555 B/s
2025-07-08 14:21:00,555 B/s
2025-07-08 14:21:02,555 B/s
2025-07-08 14:21:04,555 B/s
2025-07-08 14:21:06,554 B/s
2025-07-08 14:21:08,554 B/s
2025-07-08 14:21:10,554 B/s
2025-07-08 14:21:12,465 B/s
2025-07-08 14:21:14,447 B/s
2025-07-08 14:21:16,522 B/s
2025-07-08 14:21:18,522 B/s
2025-07-08 14:21:20,522 B/s
2025-07-08 14:21:22,522 B/s
2025-07-08 14:21:24,522 B/s
2025-07-08 14:21:26,386 B/s
2025-07-08 14:21:28,402 B/s
2025-07-08 14:21:30,418 B/s
2025-07-08 14:21:32,492 B/s
2025-07-08 14:21:34,492 B/s
2025-07-08 14:21:36,492 B/s
2025-07-08 14:21:38,492 B/s
2025-07-08 14:21:40,492 B/s
2025-07-08 14:21:42,413 B/s
2025-07-08 14:21:44,397 B/s
2025-07-08 14:21:46,474 B/s
2025-07-08 14:21:48,474 B/s
2025-07-08 14:21:50,474 B/s
2025-07-08 14:21:52,474 B/s
2025-07-08 14:21:54,474 B/s
2025-07-08 14:21:56,373 B/s
2025-07-08 14:21:58,389 B/s
2025-07-08 14:22:00,405 B/s
2025-07-08 14:22:02,477 B/s
2025-07-08 14:22:04,477 B/s
2025-07-08 14:22:06,477 B/s
2025-07-08 14:22:08,477 B/s
2025-07-08 14:22:10,477 B/s
2025-07-08 14:22:12,401 B/s
2025-07-08 14:22:14,385 B/s
2025-07-08 14:22:16,474 B/s
2025-07-08 14:22:18,474 B/s
2025-07-08 14:22:20,474 B/s
2025-07-08 14:22:22,474 B/s
2025-07-08 14:22:24,474 B/s
2025-07-08 14:22:26,368 B/s
2025-07-08 14:22:28,384 B/s
2025-07-08 14:22:30,400 B/s
2025-07-08 14:22:32,472 B/s
2025-07-08 14:22:34,472 B/s
2025-07-08 14:22:36,472 B/s
2025-07-08 14:22:38,472 B/s
2025-07-08 14:22:40,472 B/s
2025-07-08 14:22:42,398 B/s
2025-07-08 14:22:44,382 B/s
2025-07-08 14:22:46,468 B/s
2025-07-08 14:22:48,468 B/s
2025-07-08 14:22:50,468 B/s
2025-07-08 14:22:52,468 B/s
2025-07-08 14:22:54,468 B/s
2025-07-08 14:22:56,368 B/s
2025-07-08 14:22:58,383 B/s
2025-07-08 14:23:00,399 B/s
2025-07-08 14:23:02,472 B/s
2025-07-08 14:23:04,472 B/s
2025-07-08 14:23:06,472 B/s
2025-07-08 14:23:08,472 B/s
2025-07-08 14:23:10,472 B/s
2025-07-08 14:23:12,398 B/s
2025-07-08 14:23:14,383 B/s
2025-07-08 14:23:16,375 B/s
2025-07-08 14:23:18,476 B/s
2025-07-08 14:23:20,476 B/s
2025-07-08 14:23:22,476 B/s
2025-07-08 14:23:24,476 B/s
2025-07-08 14:23:26,380 B/s
2025-07-08 14:23:28,388 B/s
2025-07-08 14:23:30,404 B/s
2025-07-08 14:23:32,478 B/s
2025-07-08 14:23:34,478 B/s
2025-07-08 14:23:36,478 B/s
2025-07-08 14:23:38,478 B/s
2025-07-08 14:23:40,478 B/s
2025-07-08 14:23:42,406 B/s
2025-07-08 14:23:44,390 B/s
2025-07-08 14:23:46,380 B/s
2025-07-08 14:23:48,483 B/s
2025-07-08 14:23:50,483 B/s
2025-07-08 14:23:52,483 B/s
2025-07-08 14:23:54,483 B/s
2025-07-08 14:23:56,384 B/s
2025-07-08 14:23:58,393 B/s
2025-07-08 14:24:00,409 B/s
2025-07-08 14:24:02,484 B/s
2025-07-08 14:24:04,484 B/s
2025-07-08 14:24:06,484 B/s
2025-07-08 14:24:08,484 B/s
2025-07-08 14:24:10,484 B/s
2025-07-08 14:24:12,412 B/s
2025-07-08 14:24:14,396 B/s
2025-07-08 14:24:16,379 B/s
2025-07-08 14:24:18,480 B/s
2025-07-08 14:24:20,480 B/s
2025-07-08 14:24:22,480 B/s
2025-07-08 14:24:24,480 B/s
2025-07-08 14:24:26,480 B/s
2025-07-08 14:24:28,379 B/s
2025-07-08 14:24:30,395 B/s
2025-07-08 14:24:32,470 B/s
2025-07-08 14:24:34,470 B/s
2025-07-08 14:24:36,470 B/s
2025-07-08 14:24:38,470 B/s
2025-07-08 14:24:40,470 B/s
2025-07-08 14:24:42,400 B/s
2025-07-08 14:24:44,384 B/s
2025-07-08 14:24:46,369 B/s
2025-07-08 14:24:48,472 B/s
2025-07-08 14:24:50,472 B/s
2025-07-08 14:24:52,472 B/s
2025-07-08 14:24:54,472 B/s
2025-07-08 14:24:56,472 B/s
2025-07-08 14:24:58,374 B/s
2025-07-08 14:25:00,390 B/s
2025-07-08 14:25:02,465 B/s
2025-07-08 14:25:04,465 B/s
2025-07-08 14:25:06,465 B/s
2025-07-08 14:25:08,465 B/s
2025-07-08 14:25:10,465 B/s
2025-07-08 14:25:12,396 B/s
2025-07-08 14:25:14,381 B/s
2025-07-08 14:25:16,365 B/s
2025-07-08 14:25:18,412 B/s
2025-07-08 14:25:20,412 B/s
2025-07-08 14:25:22,412 B/s
2025-07-08 14:25:24,412 B/s
2025-07-08 14:25:26,412 B/s
2025-07-08 14:25:28,273 B/s
2025-07-08 14:25:30,284 B/s
2025-07-08 14:25:32,339 B/s
2025-07-08 14:25:34,339 B/s
2025-07-08 14:25:36,339 B/s
2025-07-08 14:25:38,339 B/s
2025-07-08 14:25:40,339 B/s
2025-07-08 14:25:42,339 B/s
2025-07-08 14:25:44,282 B/s
2025-07-08 14:25:46,271 B/s
2025-07-08 14:25:48,171 kB/s
2025-07-08 14:25:50,171 kB/s
2025-07-08 14:25:52,171 kB/s
2025-07-08 14:25:54,171 kB/s
2025-07-08 14:25:56,171 kB/s
2025-07-08 14:25:58,187 kB/s
2025-07-08 14:26:00,195 kB/s
2025-07-08 14:26:02,233 kB/s
2025-07-08 14:26:04,233 kB/s
2025-07-08 14:26:06,233 kB/s
2025-07-08 14:26:08,233 kB/s
2025-07-08 14:26:10,233 kB/s
2025-07-08 14:26:12,233 kB/s
2025-07-08 14:26:14,194 kB/s
2025-07-08 14:26:16,186 kB/s
2025-07-08 14:26:18,189 kB/s
2025-07-08 14:26:20,189 kB/s
2025-07-08 14:26:22,189 kB/s
2025-07-08 14:26:24,189 kB/s
2025-07-08 14:26:26,189 kB/s
2025-07-08 14:26:28,15.5 kB/s
2025-07-08 14:26:30,16.1 kB/s
2025-07-08 14:26:32,16.8 kB/s
2025-07-08 14:26:34,19.6 kB/s
2025-07-08 14:26:36,19.6 kB/s
2025-07-08 14:26:38,19.6 kB/s
2025-07-08 14:26:40,19.6 kB/s
2025-07-08 14:26:42,19.6 kB/s
2025-07-08 14:26:44,16.3 kB/s
2025-07-08 14:26:46,15.7 kB/s
2025-07-08 14:26:48,36.3 kB/s
2025-07-08 14:26:50,36.3 kB/s
2025-07-08 14:26:52,36.3 kB/s
2025-07-08 14:26:54,36.3 kB/s
2025-07-08 14:26:56,36.3 kB/s
2025-07-08 14:26:58,35.9 kB/s
2025-07-08 14:27:00,37.4 kB/s
2025-07-08 14:27:02,38.9 kB/s
2025-07-08 14:27:04,45.5 kB/s
2025-07-08 14:27:06,45.5 kB/s
2025-07-08 14:27:08,45.5 kB/s
2025-07-08 14:27:10,45.5 kB/s
2025-07-08 14:27:12,45.5 kB/s
2025-07-08 14:27:14,38.0 kB/s
2025-07-08 14:27:16,36.5 kB/s
2025-07-08 14:27:18,36.4 kB/s
2025-07-08 14:27:20,36.4 kB/s
2025-07-08 14:27:22,36.4 kB/s
2025-07-08 14:27:24,36.4 kB/s
2025-07-08 14:27:26,36.4 kB/s
2025-07-08 14:27:28,80.6 B/s
2025-07-08 14:27:30,84.0 B/s
2025-07-08 14:27:32,87.4 B/s
2025-07-08 14:27:34,102 B/s
2025-07-08 14:27:36,102 B/s
2025-07-08 14:27:38,102 B/s
2025-07-08 14:27:40,102 B/s
2025-07-08 14:27:42,102 B/s
2025-07-08 14:27:44,85.6 B/s
2025-07-08 14:27:46,82.2 B/s
2025-07-08 14:27:48,0 B/s
2025-07-08 14:27:50,0 B/s
2025-07-08 14:27:52,0 B/s
2025-07-08 14:27:54,0 B/s
2025-07-08 14:27:56,0 B/s
2025-07-08 14:27:58,0 B/s
2025-07-08 14:28:00,0 B/s
2025-07-08 14:28:02,0 B/s
2025-07-08 14:28:04,0 B/s
2025-07-08 14:28:06,0 B/s
2025-07-08 14:28:08,0 B/s
2025-07-08 14:28:10,0 B/s
2025-07-08 14:28:12,0 B/s
2025-07-08 14:28:14,0 B/s
2025-07-08 14:28:16,0 B/s
2025-07-08 14:28:18,0 B/s
2025-07-08 14:28:20,0 B/s
2025-07-08 14:28:22,0 B/s
2025-07-08 14:28:24,0 B/s
2025-07-08 14:28:26,0 B/s
2025-07-08 14:28:28,6.19 B/s
2025-07-08 14:28:30,6.45 B/s
2025-07-08 14:28:32,6.71 B/s
2025-07-08 14:28:34,7.88 B/s
2025-07-08 14:28:36,7.88 B/s
2025-07-08 14:28:38,7.88 B/s
2025-07-08 14:28:40,7.88 B/s
2025-07-08 14:28:42,7.88 B/s
2025-07-08 14:28:44,6.61 B/s
2025-07-08 14:28:46,6.35 B/s
2025-07-08 14:28:48,246 B/s
2025-07-08 14:28:50,246 B/s
2025-07-08 14:28:52,246 B/s
2025-07-08 14:28:54,246 B/s
2025-07-08 14:28:56,246 B/s
2025-07-08 14:28:58,241 B/s
2025-07-08 14:29:00,251 B/s
2025-07-08 14:29:02,261 B/s
2025-07-08 14:29:04,307 B/s
2025-07-08 14:29:06,307 B/s
2025-07-08 14:29:08,307 B/s
2025-07-08 14:29:10,307 B/s
2025-07-08 14:29:12,307 B/s
2025-07-08 14:29:14,258 B/s
2025-07-08 14:29:16,248 B/s
2025-07-08 14:29:18,239 B/s
2025-07-08 14:29:20,239 B/s
2025-07-08 14:29:22,239 B/s
2025-07-08 14:29:24,239 B/s
2025-07-08 14:29:26,239 B/s
2025-07-08 14:29:28,0 B/s
2025-07-08 14:29:30,0 B/s
2025-07-08 14:29:32,0 B/s
2025-07-08 14:29:34,0 B/s
2025-07-08 14:29:36,0 B/s
2025-07-08 14:29:38,0 B/s
2025-07-08 14:29:40,0 B/s
2025-07-08 14:29:42,0 B/s
2025-07-08 14:29:44,0 B/s
2025-07-08 14:29:46,0 B/s
2025-07-08 14:29:48,0 B/s
2025-07-08 14:29:50,0 B/s
2025-07-08 14:29:52,0 B/s
2025-07-08 14:29:54,0 B/s
2025-07-08 14:29:56,0 B/s
2025-07-08 14:29:58,0 B/s
2025-07-08 14:30:00,0 B/s
2025-07-08 14:30:02,0 B/s
2025-07-08 14:30:04,0 B/s
2025-07-08 14:30:06,0 B/s
2025-07-08 14:30:08,0 B/s
2025-07-08 14:30:10,0 B/s
2025-07-08 14:30:12,0 B/s
2025-07-08 14:30:14,0 B/s
2025-07-08 14:30:16,0 B/s
2025-07-08 14:30:18,0 B/s
2025-07-08 14:30:20,0 B/s
2025-07-08 14:30:22,0 B/s
2025-07-08 14:30:24,0 B/s
2025-07-08 14:30:26,0 B/s
2025-07-08 14:30:28,0 B/s
2025-07-08 14:30:30,0 B/s