"Time","image-stats-746c9bfb67-bzkw5"
2025-07-08 14:02:00,35.2 MiB
2025-07-08 14:02:02,35.0 MiB
2025-07-08 14:02:04,35.0 MiB
2025-07-08 14:02:06,35.0 MiB
2025-07-08 14:02:08,35.0 MiB
2025-07-08 14:02:10,35.0 MiB
2025-07-08 14:02:12,35.0 MiB
2025-07-08 14:02:14,35.0 MiB
2025-07-08 14:02:16,35.0 MiB
2025-07-08 14:02:18,35.0 MiB
2025-07-08 14:02:20,35.0 MiB
2025-07-08 14:02:22,35.0 MiB
2025-07-08 14:02:24,35.1 MiB
2025-07-08 14:02:26,35.1 MiB
2025-07-08 14:02:28,35.1 MiB
2025-07-08 14:02:30,35.1 MiB
2025-07-08 14:02:32,35.1 MiB
2025-07-08 14:02:34,35.1 MiB
2025-07-08 14:02:36,35.1 MiB
2025-07-08 14:02:38,35.1 MiB
2025-07-08 14:02:40,35.1 MiB
2025-07-08 14:02:42,35.7 MiB
2025-07-08 14:02:44,35.7 MiB
2025-07-08 14:02:46,35.7 MiB
2025-07-08 14:02:48,35.7 MiB
2025-07-08 14:02:50,35.7 MiB
2025-07-08 14:02:52,35.7 MiB
2025-07-08 14:02:54,35.8 MiB
2025-07-08 14:02:56,35.8 MiB
2025-07-08 14:02:58,35.8 MiB
2025-07-08 14:03:00,35.8 MiB
2025-07-08 14:03:02,35.8 MiB
2025-07-08 14:03:04,35.8 MiB
2025-07-08 14:03:06,35.8 MiB
2025-07-08 14:03:08,35.8 MiB
2025-07-08 14:03:10,35.8 MiB
2025-07-08 14:03:12,35.8 MiB
2025-07-08 14:03:14,35.8 MiB
2025-07-08 14:03:16,35.8 MiB
2025-07-08 14:03:18,35.8 MiB
2025-07-08 14:03:20,35.8 MiB
2025-07-08 14:03:22,35.8 MiB
2025-07-08 14:03:24,35.8 MiB
2025-07-08 14:03:26,35.8 MiB
2025-07-08 14:03:28,35.9 MiB
2025-07-08 14:03:30,35.9 MiB
2025-07-08 14:03:32,35.9 MiB
2025-07-08 14:03:34,35.9 MiB
2025-07-08 14:03:36,35.9 MiB
2025-07-08 14:03:38,35.9 MiB
2025-07-08 14:03:40,35.9 MiB
2025-07-08 14:03:42,35.9 MiB
2025-07-08 14:03:44,35.9 MiB
2025-07-08 14:03:46,35.9 MiB
2025-07-08 14:03:48,35.9 MiB
2025-07-08 14:03:50,35.9 MiB
2025-07-08 14:03:52,35.9 MiB
2025-07-08 14:03:54,35.9 MiB
2025-07-08 14:03:56,35.9 MiB
2025-07-08 14:03:58,35.9 MiB
2025-07-08 14:04:00,35.9 MiB
2025-07-08 14:04:02,36.1 MiB
2025-07-08 14:04:04,36.1 MiB
2025-07-08 14:04:06,36.1 MiB
2025-07-08 14:04:08,36.1 MiB
2025-07-08 14:04:10,36.1 MiB
2025-07-08 14:04:12,36.1 MiB
2025-07-08 14:04:14,36.1 MiB
2025-07-08 14:04:16,36.1 MiB
2025-07-08 14:04:18,36.1 MiB
2025-07-08 14:04:20,36.1 MiB
2025-07-08 14:04:22,36.1 MiB
2025-07-08 14:04:24,36.1 MiB
2025-07-08 14:04:26,36.1 MiB
2025-07-08 14:04:28,36.1 MiB
2025-07-08 14:04:30,36.1 MiB
2025-07-08 14:04:32,36.1 MiB
2025-07-08 14:04:34,36.1 MiB
2025-07-08 14:04:36,36.1 MiB
2025-07-08 14:04:38,36.1 MiB
2025-07-08 14:04:40,36.1 MiB
2025-07-08 14:04:42,36.1 MiB
2025-07-08 14:04:44,36.1 MiB
2025-07-08 14:04:46,36.1 MiB
2025-07-08 14:04:48,36.1 MiB
2025-07-08 14:04:50,36.1 MiB
2025-07-08 14:04:52,36.1 MiB
2025-07-08 14:04:54,36.1 MiB
2025-07-08 14:04:56,36.1 MiB
2025-07-08 14:04:58,36.1 MiB
2025-07-08 14:05:00,36.1 MiB
2025-07-08 14:05:02,36.1 MiB
2025-07-08 14:05:04,36.1 MiB
2025-07-08 14:05:06,36.1 MiB
2025-07-08 14:05:08,36.1 MiB
2025-07-08 14:05:10,36.1 MiB
2025-07-08 14:05:12,36.1 MiB
2025-07-08 14:05:14,36.1 MiB
2025-07-08 14:05:16,36.1 MiB
2025-07-08 14:05:18,36.1 MiB
2025-07-08 14:05:20,36.1 MiB
2025-07-08 14:05:22,36.1 MiB
2025-07-08 14:05:24,36.1 MiB
2025-07-08 14:05:26,36.1 MiB
2025-07-08 14:05:28,36.1 MiB
2025-07-08 14:05:30,36.1 MiB
2025-07-08 14:05:32,36.1 MiB
2025-07-08 14:05:34,36.1 MiB
2025-07-08 14:05:36,36.1 MiB
2025-07-08 14:05:38,36.1 MiB
2025-07-08 14:05:40,36.1 MiB
2025-07-08 14:05:42,36.3 MiB
2025-07-08 14:05:44,36.3 MiB
2025-07-08 14:05:46,36.3 MiB
2025-07-08 14:05:48,36.3 MiB
2025-07-08 14:05:50,36.3 MiB
2025-07-08 14:05:52,36.3 MiB
2025-07-08 14:05:54,36.3 MiB
2025-07-08 14:05:56,36.3 MiB
2025-07-08 14:05:58,36.3 MiB
2025-07-08 14:06:00,36.3 MiB
2025-07-08 14:06:02,36.3 MiB
2025-07-08 14:06:04,36.3 MiB
2025-07-08 14:06:06,36.3 MiB
2025-07-08 14:06:08,36.3 MiB
2025-07-08 14:06:10,36.3 MiB
2025-07-08 14:06:12,36.3 MiB
2025-07-08 14:06:14,36.3 MiB
2025-07-08 14:06:16,36.3 MiB
2025-07-08 14:06:18,36.3 MiB
2025-07-08 14:06:20,36.3 MiB
2025-07-08 14:06:22,36.3 MiB
2025-07-08 14:06:24,36.3 MiB
2025-07-08 14:06:26,36.3 MiB
2025-07-08 14:06:28,36.3 MiB
2025-07-08 14:06:30,36.3 MiB
2025-07-08 14:06:32,36.3 MiB
2025-07-08 14:06:34,36.3 MiB
2025-07-08 14:06:36,36.3 MiB
2025-07-08 14:06:38,36.3 MiB
2025-07-08 14:06:40,36.3 MiB
2025-07-08 14:06:42,36.3 MiB
2025-07-08 14:06:44,36.3 MiB
2025-07-08 14:06:46,36.3 MiB
2025-07-08 14:06:48,36.4 MiB
2025-07-08 14:06:50,36.4 MiB
2025-07-08 14:06:52,36.4 MiB
2025-07-08 14:06:54,36.4 MiB
2025-07-08 14:06:56,36.4 MiB
2025-07-08 14:06:58,36.4 MiB
2025-07-08 14:07:00,36.4 MiB
2025-07-08 14:07:02,36.3 MiB
2025-07-08 14:07:04,36.3 MiB
2025-07-08 14:07:06,36.3 MiB
2025-07-08 14:07:08,36.3 MiB
2025-07-08 14:07:10,36.3 MiB
2025-07-08 14:07:12,36.3 MiB
2025-07-08 14:07:14,36.3 MiB
2025-07-08 14:07:16,36.3 MiB
2025-07-08 14:07:18,36.3 MiB
2025-07-08 14:07:20,36.3 MiB
2025-07-08 14:07:22,36.3 MiB
2025-07-08 14:07:24,36.3 MiB
2025-07-08 14:07:26,36.3 MiB
2025-07-08 14:07:28,36.3 MiB
2025-07-08 14:07:30,36.3 MiB
2025-07-08 14:07:32,36.3 MiB
2025-07-08 14:07:34,36.3 MiB
2025-07-08 14:07:36,36.3 MiB
2025-07-08 14:07:38,36.3 MiB
2025-07-08 14:07:40,36.3 MiB
2025-07-08 14:07:42,36.3 MiB
2025-07-08 14:07:44,36.3 MiB
2025-07-08 14:07:46,36.3 MiB
2025-07-08 14:07:48,36.3 MiB
2025-07-08 14:07:50,36.3 MiB
2025-07-08 14:07:52,36.3 MiB
2025-07-08 14:07:54,36.3 MiB
2025-07-08 14:07:56,36.3 MiB
2025-07-08 14:07:58,36.3 MiB
2025-07-08 14:08:00,36.3 MiB
2025-07-08 14:08:02,36.3 MiB
2025-07-08 14:08:04,36.3 MiB
2025-07-08 14:08:06,35.6 MiB
2025-07-08 14:08:08,35.6 MiB
2025-07-08 14:08:10,35.6 MiB
2025-07-08 14:08:12,35.6 MiB
2025-07-08 14:08:14,35.6 MiB
2025-07-08 14:08:16,35.6 MiB
2025-07-08 14:08:18,35.6 MiB
2025-07-08 14:08:20,35.6 MiB
2025-07-08 14:08:22,35.6 MiB
2025-07-08 14:08:24,35.6 MiB
2025-07-08 14:08:26,35.6 MiB
2025-07-08 14:08:28,35.6 MiB
2025-07-08 14:08:30,35.6 MiB
2025-07-08 14:08:32,35.6 MiB
2025-07-08 14:08:34,35.6 MiB
2025-07-08 14:08:36,35.6 MiB
2025-07-08 14:08:38,35.6 MiB
2025-07-08 14:08:40,35.6 MiB
2025-07-08 14:08:42,35.6 MiB
2025-07-08 14:08:44,35.6 MiB
2025-07-08 14:08:46,35.6 MiB
2025-07-08 14:08:48,35.6 MiB
2025-07-08 14:08:50,35.6 MiB
2025-07-08 14:08:52,35.6 MiB
2025-07-08 14:08:54,35.6 MiB
2025-07-08 14:08:56,35.6 MiB
2025-07-08 14:08:58,35.6 MiB
2025-07-08 14:09:00,35.6 MiB
2025-07-08 14:09:02,35.6 MiB
2025-07-08 14:09:04,35.6 MiB
2025-07-08 14:09:06,35.6 MiB
2025-07-08 14:09:08,35.6 MiB
2025-07-08 14:09:10,35.6 MiB
2025-07-08 14:09:12,35.6 MiB
2025-07-08 14:09:14,35.6 MiB
2025-07-08 14:09:16,35.6 MiB
2025-07-08 14:09:18,35.6 MiB
2025-07-08 14:09:20,35.8 MiB
2025-07-08 14:09:22,35.8 MiB
2025-07-08 14:09:24,35.8 MiB
2025-07-08 14:09:26,35.8 MiB
2025-07-08 14:09:28,35.8 MiB
2025-07-08 14:09:30,35.8 MiB
2025-07-08 14:09:32,35.8 MiB
2025-07-08 14:09:34,35.8 MiB
2025-07-08 14:09:36,35.9 MiB
2025-07-08 14:09:38,35.9 MiB
2025-07-08 14:09:40,35.9 MiB
2025-07-08 14:09:42,35.9 MiB
2025-07-08 14:09:44,35.9 MiB
2025-07-08 14:09:46,35.9 MiB
2025-07-08 14:09:48,35.9 MiB
2025-07-08 14:09:50,35.9 MiB
2025-07-08 14:09:52,35.9 MiB
2025-07-08 14:09:54,35.9 MiB
2025-07-08 14:09:56,35.9 MiB
2025-07-08 14:09:58,35.9 MiB
2025-07-08 14:10:00,35.9 MiB
2025-07-08 14:10:02,35.9 MiB
2025-07-08 14:10:04,35.9 MiB
2025-07-08 14:10:06,35.9 MiB
2025-07-08 14:10:08,35.9 MiB
2025-07-08 14:10:10,35.9 MiB
2025-07-08 14:10:12,36.1 MiB
2025-07-08 14:10:14,36.1 MiB
2025-07-08 14:10:16,36.1 MiB
2025-07-08 14:10:18,36.1 MiB
2025-07-08 14:10:20,36.1 MiB
2025-07-08 14:10:22,36.1 MiB
2025-07-08 14:10:24,36.1 MiB
2025-07-08 14:10:26,36.1 MiB
2025-07-08 14:10:28,36.1 MiB
2025-07-08 14:10:30,36.1 MiB
2025-07-08 14:10:32,36.1 MiB
2025-07-08 14:10:34,36.1 MiB
2025-07-08 14:10:36,36.1 MiB
2025-07-08 14:10:38,36.1 MiB
2025-07-08 14:10:40,36.1 MiB
2025-07-08 14:10:42,36.1 MiB
2025-07-08 14:10:44,36.1 MiB
2025-07-08 14:10:46,36.1 MiB
2025-07-08 14:10:48,36.1 MiB
2025-07-08 14:10:50,36.1 MiB
2025-07-08 14:10:52,36.1 MiB
2025-07-08 14:10:54,36.1 MiB
2025-07-08 14:10:56,36.1 MiB
2025-07-08 14:10:58,36.1 MiB
2025-07-08 14:11:00,36.1 MiB
2025-07-08 14:11:02,36.1 MiB
2025-07-08 14:11:04,36.1 MiB
2025-07-08 14:11:06,36.1 MiB
2025-07-08 14:11:08,36.1 MiB
2025-07-08 14:11:10,36.1 MiB
2025-07-08 14:11:12,36.1 MiB
2025-07-08 14:11:14,36.1 MiB
2025-07-08 14:11:16,36.1 MiB
2025-07-08 14:11:18,36.1 MiB
2025-07-08 14:11:20,36.1 MiB
2025-07-08 14:11:22,36.1 MiB
2025-07-08 14:11:24,36.1 MiB
2025-07-08 14:11:26,36.1 MiB
2025-07-08 14:11:28,36.1 MiB
2025-07-08 14:11:30,36.1 MiB
2025-07-08 14:11:32,36.1 MiB
2025-07-08 14:11:34,36.1 MiB
2025-07-08 14:11:36,36.1 MiB
2025-07-08 14:11:38,36.1 MiB
2025-07-08 14:11:40,36.1 MiB
2025-07-08 14:11:42,36.1 MiB
2025-07-08 14:11:44,36.1 MiB
2025-07-08 14:11:46,36.1 MiB
2025-07-08 14:11:48,36.1 MiB
2025-07-08 14:11:50,36.1 MiB
2025-07-08 14:11:52,36.1 MiB
2025-07-08 14:11:54,36.2 MiB
2025-07-08 14:11:56,36.2 MiB
2025-07-08 14:11:58,36.2 MiB
2025-07-08 14:12:00,36.2 MiB
2025-07-08 14:12:02,36.2 MiB
2025-07-08 14:12:04,36.2 MiB
2025-07-08 14:12:06,36.2 MiB
2025-07-08 14:12:08,36.2 MiB
2025-07-08 14:12:10,36.2 MiB
2025-07-08 14:12:12,36.2 MiB
2025-07-08 14:12:14,36.2 MiB
2025-07-08 14:12:16,36.2 MiB
2025-07-08 14:12:18,36.2 MiB
2025-07-08 14:12:20,35.5 MiB
2025-07-08 14:12:22,35.5 MiB
2025-07-08 14:12:24,35.5 MiB
2025-07-08 14:12:26,35.5 MiB
2025-07-08 14:12:28,35.5 MiB
2025-07-08 14:12:30,35.5 MiB
2025-07-08 14:12:32,35.5 MiB
2025-07-08 14:12:34,35.5 MiB
2025-07-08 14:12:36,35.5 MiB
2025-07-08 14:12:38,35.7 MiB
2025-07-08 14:12:40,35.7 MiB
2025-07-08 14:12:42,35.7 MiB
2025-07-08 14:12:44,35.7 MiB
2025-07-08 14:12:46,35.7 MiB
2025-07-08 14:12:48,35.7 MiB
2025-07-08 14:12:50,35.7 MiB
2025-07-08 14:12:52,35.7 MiB
2025-07-08 14:12:54,35.7 MiB
2025-07-08 14:12:56,35.7 MiB
2025-07-08 14:12:58,35.7 MiB
2025-07-08 14:13:00,35.7 MiB
2025-07-08 14:13:02,35.7 MiB
2025-07-08 14:13:04,35.7 MiB
2025-07-08 14:13:06,35.7 MiB
2025-07-08 14:13:08,35.7 MiB
2025-07-08 14:13:10,35.7 MiB
2025-07-08 14:13:12,35.8 MiB
2025-07-08 14:13:14,35.8 MiB
2025-07-08 14:13:16,35.8 MiB
2025-07-08 14:13:18,35.8 MiB
2025-07-08 14:13:20,35.8 MiB
2025-07-08 14:13:22,35.8 MiB
2025-07-08 14:13:24,35.9 MiB
2025-07-08 14:13:26,35.9 MiB
2025-07-08 14:13:28,35.9 MiB
2025-07-08 14:13:30,35.9 MiB
2025-07-08 14:13:32,35.9 MiB
2025-07-08 14:13:34,35.9 MiB
2025-07-08 14:13:36,35.9 MiB
2025-07-08 14:13:38,35.9 MiB
2025-07-08 14:13:40,35.9 MiB
2025-07-08 14:13:42,35.9 MiB
2025-07-08 14:13:44,35.9 MiB
2025-07-08 14:13:46,35.9 MiB
2025-07-08 14:13:48,35.9 MiB
2025-07-08 14:13:50,35.9 MiB
2025-07-08 14:13:52,35.9 MiB
2025-07-08 14:13:54,35.9 MiB
2025-07-08 14:13:56,35.9 MiB
2025-07-08 14:13:58,35.9 MiB
2025-07-08 14:14:00,36.0 MiB
2025-07-08 14:14:02,36.0 MiB
2025-07-08 14:14:04,36.0 MiB
2025-07-08 14:14:06,36.0 MiB
2025-07-08 14:14:08,36.0 MiB
2025-07-08 14:14:10,36.0 MiB
2025-07-08 14:14:12,36.0 MiB
2025-07-08 14:14:14,36.0 MiB
2025-07-08 14:14:16,36.0 MiB
2025-07-08 14:14:18,36.0 MiB
2025-07-08 14:14:20,36.0 MiB
2025-07-08 14:14:22,36.0 MiB
2025-07-08 14:14:24,36.0 MiB
2025-07-08 14:14:26,36.0 MiB
2025-07-08 14:14:28,36.0 MiB
2025-07-08 14:14:30,36.0 MiB
2025-07-08 14:14:32,36.0 MiB
2025-07-08 14:14:34,36.0 MiB
2025-07-08 14:14:36,36.0 MiB
2025-07-08 14:14:38,36.0 MiB
2025-07-08 14:14:40,36.0 MiB
2025-07-08 14:14:42,36.0 MiB
2025-07-08 14:14:44,36.0 MiB
2025-07-08 14:14:46,36.0 MiB
2025-07-08 14:14:48,36.0 MiB
2025-07-08 14:14:50,36.0 MiB
2025-07-08 14:14:52,36.0 MiB
2025-07-08 14:14:54,36.0 MiB
2025-07-08 14:14:56,36.0 MiB
2025-07-08 14:14:58,36.0 MiB
2025-07-08 14:15:00,36.0 MiB
2025-07-08 14:15:02,36.0 MiB
2025-07-08 14:15:04,36.0 MiB
2025-07-08 14:15:06,36.0 MiB
2025-07-08 14:15:08,36.0 MiB
2025-07-08 14:15:10,36.0 MiB
2025-07-08 14:15:12,36.0 MiB
2025-07-08 14:15:14,36.0 MiB
2025-07-08 14:15:16,36.0 MiB
2025-07-08 14:15:18,36.0 MiB
2025-07-08 14:15:20,36.0 MiB
2025-07-08 14:15:22,36.0 MiB
2025-07-08 14:15:24,36.0 MiB
2025-07-08 14:15:26,36.1 MiB
2025-07-08 14:15:28,36.1 MiB
2025-07-08 14:15:30,36.1 MiB
2025-07-08 14:15:32,36.1 MiB
2025-07-08 14:15:34,36.1 MiB
2025-07-08 14:15:36,36.1 MiB
2025-07-08 14:15:38,36.1 MiB
2025-07-08 14:15:40,36.1 MiB
2025-07-08 14:15:42,36.1 MiB
2025-07-08 14:15:44,36.1 MiB
2025-07-08 14:15:46,36.1 MiB
2025-07-08 14:15:48,36.1 MiB
2025-07-08 14:15:50,36.1 MiB
2025-07-08 14:15:52,36.1 MiB
2025-07-08 14:15:54,36.1 MiB
2025-07-08 14:15:56,36.1 MiB
2025-07-08 14:15:58,36.1 MiB
2025-07-08 14:16:00,36.1 MiB
2025-07-08 14:16:02,36.1 MiB
2025-07-08 14:16:04,36.1 MiB
2025-07-08 14:16:06,36.1 MiB
2025-07-08 14:16:08,36.1 MiB
2025-07-08 14:16:10,36.1 MiB
2025-07-08 14:16:12,36.1 MiB
2025-07-08 14:16:14,36.1 MiB
2025-07-08 14:16:16,35.5 MiB
2025-07-08 14:16:18,35.5 MiB
2025-07-08 14:16:20,35.5 MiB
2025-07-08 14:16:22,35.5 MiB
2025-07-08 14:16:24,35.5 MiB
2025-07-08 14:16:26,35.5 MiB
2025-07-08 14:16:28,35.5 MiB
2025-07-08 14:16:30,35.5 MiB
2025-07-08 14:16:32,35.5 MiB
2025-07-08 14:16:34,35.5 MiB
2025-07-08 14:16:36,35.5 MiB
2025-07-08 14:16:38,35.5 MiB
2025-07-08 14:16:40,35.5 MiB
2025-07-08 14:16:42,35.5 MiB
2025-07-08 14:16:44,36.0 MiB
2025-07-08 14:16:46,36.0 MiB
2025-07-08 14:16:48,36.0 MiB
2025-07-08 14:16:50,36.0 MiB
2025-07-08 14:16:52,36.0 MiB
2025-07-08 14:16:54,36.0 MiB
2025-07-08 14:16:56,36.0 MiB
2025-07-08 14:16:58,36.2 MiB
2025-07-08 14:17:00,36.2 MiB
2025-07-08 14:17:02,36.2 MiB
2025-07-08 14:17:04,36.2 MiB
2025-07-08 14:17:06,36.2 MiB
2025-07-08 14:17:08,36.2 MiB
2025-07-08 14:17:10,36.1 MiB
2025-07-08 14:17:12,36.1 MiB
2025-07-08 14:17:14,36.1 MiB
2025-07-08 14:17:16,36.1 MiB
2025-07-08 14:17:18,36.1 MiB
2025-07-08 14:17:20,36.1 MiB
2025-07-08 14:17:22,36.1 MiB
2025-07-08 14:17:24,36.1 MiB
2025-07-08 14:17:26,36.1 MiB
2025-07-08 14:17:28,36.1 MiB
2025-07-08 14:17:30,36.1 MiB
2025-07-08 14:17:32,36.1 MiB
2025-07-08 14:17:34,36.1 MiB
2025-07-08 14:17:36,36.2 MiB
2025-07-08 14:17:38,36.2 MiB
2025-07-08 14:17:40,36.2 MiB
2025-07-08 14:17:42,36.2 MiB
2025-07-08 14:17:44,36.2 MiB
2025-07-08 14:17:46,36.2 MiB
2025-07-08 14:17:48,36.2 MiB
2025-07-08 14:17:50,36.2 MiB
2025-07-08 14:17:52,36.2 MiB
2025-07-08 14:17:54,36.2 MiB
2025-07-08 14:17:56,36.2 MiB
2025-07-08 14:17:58,36.2 MiB
2025-07-08 14:18:00,36.2 MiB
2025-07-08 14:18:02,36.2 MiB
2025-07-08 14:18:04,36.2 MiB
2025-07-08 14:18:06,36.4 MiB
2025-07-08 14:18:08,36.4 MiB
2025-07-08 14:18:10,36.4 MiB
2025-07-08 14:18:12,36.4 MiB
2025-07-08 14:18:14,36.4 MiB
2025-07-08 14:18:16,36.4 MiB
2025-07-08 14:18:18,36.4 MiB
2025-07-08 14:18:20,36.4 MiB
2025-07-08 14:18:22,36.6 MiB
2025-07-08 14:18:24,36.6 MiB
2025-07-08 14:18:26,36.6 MiB
2025-07-08 14:18:28,36.6 MiB
2025-07-08 14:18:30,36.6 MiB
2025-07-08 14:18:32,36.4 MiB
2025-07-08 14:18:34,36.4 MiB
2025-07-08 14:18:36,36.4 MiB
2025-07-08 14:18:38,36.4 MiB
2025-07-08 14:18:40,36.4 MiB
2025-07-08 14:18:42,36.4 MiB
2025-07-08 14:18:44,36.4 MiB
2025-07-08 14:18:46,36.4 MiB
2025-07-08 14:18:48,36.4 MiB
2025-07-08 14:18:50,36.4 MiB
2025-07-08 14:18:52,36.4 MiB
2025-07-08 14:18:54,36.4 MiB
2025-07-08 14:18:56,36.4 MiB
2025-07-08 14:18:58,36.4 MiB
2025-07-08 14:19:00,36.4 MiB
2025-07-08 14:19:02,36.4 MiB
2025-07-08 14:19:04,36.4 MiB
2025-07-08 14:19:06,36.4 MiB
2025-07-08 14:19:08,36.4 MiB
2025-07-08 14:19:10,36.4 MiB
2025-07-08 14:19:12,36.4 MiB
2025-07-08 14:19:14,36.4 MiB
2025-07-08 14:19:16,36.4 MiB
2025-07-08 14:19:18,36.4 MiB
2025-07-08 14:19:20,36.4 MiB
2025-07-08 14:19:22,36.4 MiB
2025-07-08 14:19:24,36.4 MiB
2025-07-08 14:19:26,36.4 MiB
2025-07-08 14:19:28,36.4 MiB
2025-07-08 14:19:30,36.4 MiB
2025-07-08 14:19:32,36.4 MiB
2025-07-08 14:19:34,36.4 MiB
2025-07-08 14:19:36,36.4 MiB
2025-07-08 14:19:38,36.4 MiB
2025-07-08 14:19:40,36.4 MiB
2025-07-08 14:19:42,36.4 MiB
2025-07-08 14:19:44,36.4 MiB
2025-07-08 14:19:46,36.4 MiB
2025-07-08 14:19:48,36.4 MiB
2025-07-08 14:19:50,36.4 MiB
2025-07-08 14:19:52,36.4 MiB
2025-07-08 14:19:54,36.4 MiB
2025-07-08 14:19:56,36.4 MiB
2025-07-08 14:19:58,36.4 MiB
2025-07-08 14:20:00,36.4 MiB
2025-07-08 14:20:02,36.4 MiB
2025-07-08 14:20:04,36.4 MiB
2025-07-08 14:20:06,36.4 MiB
2025-07-08 14:20:08,36.4 MiB
2025-07-08 14:20:10,36.4 MiB
2025-07-08 14:20:12,36.4 MiB
2025-07-08 14:20:14,36.4 MiB
2025-07-08 14:20:16,35.5 MiB
2025-07-08 14:20:18,35.5 MiB
2025-07-08 14:20:20,35.5 MiB
2025-07-08 14:20:22,35.5 MiB
2025-07-08 14:20:24,35.5 MiB
2025-07-08 14:20:26,35.5 MiB
2025-07-08 14:20:28,35.5 MiB
2025-07-08 14:20:30,35.5 MiB
2025-07-08 14:20:32,35.5 MiB
2025-07-08 14:20:34,35.5 MiB
2025-07-08 14:20:36,35.5 MiB
2025-07-08 14:20:38,35.5 MiB
2025-07-08 14:20:40,35.5 MiB
2025-07-08 14:20:42,35.5 MiB
2025-07-08 14:20:44,35.5 MiB
2025-07-08 14:20:46,35.5 MiB
2025-07-08 14:20:48,35.5 MiB
2025-07-08 14:20:50,35.5 MiB
2025-07-08 14:20:52,35.5 MiB
2025-07-08 14:20:54,35.5 MiB
2025-07-08 14:20:56,35.5 MiB
2025-07-08 14:20:58,35.5 MiB
2025-07-08 14:21:00,35.6 MiB
2025-07-08 14:21:02,35.6 MiB
2025-07-08 14:21:04,35.6 MiB
2025-07-08 14:21:06,35.6 MiB
2025-07-08 14:21:08,35.6 MiB
2025-07-08 14:21:10,35.6 MiB
2025-07-08 14:21:12,35.6 MiB
2025-07-08 14:21:14,35.6 MiB
2025-07-08 14:21:16,35.8 MiB
2025-07-08 14:21:18,35.8 MiB
2025-07-08 14:21:20,35.8 MiB
2025-07-08 14:21:22,35.8 MiB
2025-07-08 14:21:24,35.8 MiB
2025-07-08 14:21:26,35.8 MiB
2025-07-08 14:21:28,35.8 MiB
2025-07-08 14:21:30,35.8 MiB
2025-07-08 14:21:32,35.8 MiB
2025-07-08 14:21:34,35.5 MiB
2025-07-08 14:21:36,35.5 MiB
2025-07-08 14:21:38,35.5 MiB
2025-07-08 14:21:40,35.5 MiB
2025-07-08 14:21:42,35.5 MiB
2025-07-08 14:21:44,35.5 MiB
2025-07-08 14:21:46,35.5 MiB
2025-07-08 14:21:48,35.5 MiB
2025-07-08 14:21:50,35.5 MiB
2025-07-08 14:21:52,35.5 MiB
2025-07-08 14:21:54,35.5 MiB
2025-07-08 14:21:56,35.5 MiB
2025-07-08 14:21:58,35.5 MiB
2025-07-08 14:22:00,35.5 MiB
2025-07-08 14:22:02,35.5 MiB
2025-07-08 14:22:04,35.5 MiB
2025-07-08 14:22:06,35.5 MiB
2025-07-08 14:22:08,35.5 MiB
2025-07-08 14:22:10,35.3 MiB
2025-07-08 14:22:12,35.3 MiB
2025-07-08 14:22:14,35.3 MiB
2025-07-08 14:22:16,35.3 MiB
2025-07-08 14:22:18,35.3 MiB
2025-07-08 14:22:20,35.3 MiB
2025-07-08 14:22:22,35.3 MiB
2025-07-08 14:22:24,35.3 MiB
2025-07-08 14:22:26,35.3 MiB
2025-07-08 14:22:28,35.3 MiB
2025-07-08 14:22:30,35.3 MiB
2025-07-08 14:22:32,35.3 MiB
2025-07-08 14:22:34,35.3 MiB
2025-07-08 14:22:36,35.3 MiB
2025-07-08 14:22:38,35.3 MiB
2025-07-08 14:22:40,35.3 MiB
2025-07-08 14:22:42,35.3 MiB
2025-07-08 14:22:44,35.3 MiB
2025-07-08 14:22:46,35.3 MiB
2025-07-08 14:22:48,35.3 MiB
2025-07-08 14:22:50,35.3 MiB
2025-07-08 14:22:52,35.3 MiB
2025-07-08 14:22:54,35.3 MiB
2025-07-08 14:22:56,35.3 MiB
2025-07-08 14:22:58,35.3 MiB
2025-07-08 14:23:00,35.3 MiB
2025-07-08 14:23:02,35.3 MiB
2025-07-08 14:23:04,35.3 MiB
2025-07-08 14:23:06,35.3 MiB
2025-07-08 14:23:08,35.3 MiB
2025-07-08 14:23:10,35.3 MiB
2025-07-08 14:23:12,35.3 MiB
2025-07-08 14:23:14,35.3 MiB
2025-07-08 14:23:16,35.3 MiB
2025-07-08 14:23:18,35.3 MiB
2025-07-08 14:23:20,35.3 MiB
2025-07-08 14:23:22,35.3 MiB
2025-07-08 14:23:24,35.3 MiB
2025-07-08 14:23:26,35.3 MiB
2025-07-08 14:23:28,35.3 MiB
2025-07-08 14:23:30,35.3 MiB
2025-07-08 14:23:32,35.3 MiB
2025-07-08 14:23:34,35.3 MiB
2025-07-08 14:23:36,35.3 MiB
2025-07-08 14:23:38,35.3 MiB
2025-07-08 14:23:40,35.3 MiB
2025-07-08 14:23:42,35.3 MiB
2025-07-08 14:23:44,35.3 MiB
2025-07-08 14:23:46,35.3 MiB
2025-07-08 14:23:48,35.3 MiB
2025-07-08 14:23:50,35.3 MiB
2025-07-08 14:23:52,35.3 MiB
2025-07-08 14:23:54,35.3 MiB
2025-07-08 14:23:56,35.3 MiB
2025-07-08 14:23:58,35.3 MiB
2025-07-08 14:24:00,35.3 MiB
2025-07-08 14:24:02,35.3 MiB
2025-07-08 14:24:04,35.3 MiB
2025-07-08 14:24:06,35.5 MiB
2025-07-08 14:24:08,35.5 MiB
2025-07-08 14:24:10,35.5 MiB
2025-07-08 14:24:12,35.5 MiB
2025-07-08 14:24:14,35.5 MiB
2025-07-08 14:24:16,35.5 MiB
2025-07-08 14:24:18,35.5 MiB
2025-07-08 14:24:20,35.5 MiB
2025-07-08 14:24:22,35.5 MiB
2025-07-08 14:24:24,35.3 MiB
2025-07-08 14:24:26,35.3 MiB
2025-07-08 14:24:28,35.3 MiB
2025-07-08 14:24:30,35.3 MiB
2025-07-08 14:24:32,35.3 MiB
2025-07-08 14:24:34,35.3 MiB
2025-07-08 14:24:36,35.3 MiB
2025-07-08 14:24:38,35.3 MiB
2025-07-08 14:24:40,35.3 MiB
2025-07-08 14:24:42,35.3 MiB
2025-07-08 14:24:44,35.3 MiB
2025-07-08 14:24:46,35.3 MiB
2025-07-08 14:24:48,35.3 MiB
2025-07-08 14:24:50,35.3 MiB
2025-07-08 14:24:52,35.3 MiB
2025-07-08 14:24:54,35.3 MiB
2025-07-08 14:24:56,35.3 MiB
2025-07-08 14:24:58,35.3 MiB
2025-07-08 14:25:00,35.3 MiB
2025-07-08 14:25:02,35.3 MiB
2025-07-08 14:25:04,35.3 MiB
2025-07-08 14:25:06,35.3 MiB
2025-07-08 14:25:08,35.3 MiB
2025-07-08 14:25:10,35.3 MiB
2025-07-08 14:25:12,35.3 MiB
2025-07-08 14:25:14,35.3 MiB
2025-07-08 14:25:16,35.3 MiB
2025-07-08 14:25:18,35.3 MiB
2025-07-08 14:25:20,35.3 MiB
2025-07-08 14:25:22,35.3 MiB
2025-07-08 14:25:24,35.3 MiB
2025-07-08 14:25:26,35.3 MiB
2025-07-08 14:25:28,35.3 MiB
2025-07-08 14:25:30,35.3 MiB
2025-07-08 14:25:32,35.3 MiB
2025-07-08 14:25:34,35.3 MiB
2025-07-08 14:25:36,35.3 MiB
2025-07-08 14:25:38,35.3 MiB
2025-07-08 14:25:40,35.3 MiB
2025-07-08 14:25:42,35.3 MiB
2025-07-08 14:25:44,35.3 MiB
2025-07-08 14:25:46,35.3 MiB
2025-07-08 14:25:48,35.3 MiB
2025-07-08 14:25:50,35.3 MiB
2025-07-08 14:25:52,35.3 MiB
2025-07-08 14:25:54,35.3 MiB
2025-07-08 14:25:56,35.3 MiB
2025-07-08 14:25:58,35.3 MiB
2025-07-08 14:26:00,35.3 MiB
2025-07-08 14:26:02,35.3 MiB
2025-07-08 14:26:04,35.3 MiB
2025-07-08 14:26:06,35.3 MiB
2025-07-08 14:26:08,35.3 MiB
2025-07-08 14:26:10,35.4 MiB
2025-07-08 14:26:12,35.4 MiB
2025-07-08 14:26:14,35.4 MiB
2025-07-08 14:26:16,35.4 MiB
2025-07-08 14:26:18,35.4 MiB
2025-07-08 14:26:20,35.4 MiB
2025-07-08 14:26:22,35.4 MiB
2025-07-08 14:26:24,35.4 MiB
2025-07-08 14:26:26,35.4 MiB
2025-07-08 14:26:28,35.4 MiB
2025-07-08 14:26:30,35.4 MiB
2025-07-08 14:26:32,35.4 MiB
2025-07-08 14:26:34,35.4 MiB
2025-07-08 14:26:36,35.4 MiB
2025-07-08 14:26:38,35.4 MiB
2025-07-08 14:26:40,35.4 MiB
2025-07-08 14:26:42,35.4 MiB
2025-07-08 14:26:44,35.4 MiB
2025-07-08 14:26:46,35.4 MiB
2025-07-08 14:26:48,35.4 MiB
2025-07-08 14:26:50,35.4 MiB
2025-07-08 14:26:52,35.4 MiB
2025-07-08 14:26:54,35.4 MiB
2025-07-08 14:26:56,35.4 MiB
2025-07-08 14:26:58,35.4 MiB
2025-07-08 14:27:00,35.4 MiB
2025-07-08 14:27:02,35.4 MiB
2025-07-08 14:27:04,35.4 MiB
2025-07-08 14:27:06,35.4 MiB
2025-07-08 14:27:08,35.4 MiB
2025-07-08 14:27:10,35.4 MiB
2025-07-08 14:27:12,35.4 MiB
2025-07-08 14:27:14,35.4 MiB
2025-07-08 14:27:16,35.4 MiB
2025-07-08 14:27:18,35.4 MiB
2025-07-08 14:27:20,35.4 MiB
2025-07-08 14:27:22,35.4 MiB
2025-07-08 14:27:24,35.4 MiB
2025-07-08 14:27:26,35.4 MiB
2025-07-08 14:27:28,35.4 MiB
2025-07-08 14:27:30,35.4 MiB
2025-07-08 14:27:32,35.4 MiB
2025-07-08 14:27:34,35.4 MiB
2025-07-08 14:27:36,35.4 MiB
2025-07-08 14:27:38,35.4 MiB
2025-07-08 14:27:40,35.4 MiB
2025-07-08 14:27:42,35.4 MiB
2025-07-08 14:27:44,35.4 MiB
2025-07-08 14:27:46,35.4 MiB
2025-07-08 14:27:48,35.4 MiB
2025-07-08 14:27:50,35.4 MiB
2025-07-08 14:27:52,35.4 MiB
2025-07-08 14:27:54,35.4 MiB
2025-07-08 14:27:56,35.4 MiB
2025-07-08 14:27:58,35.4 MiB
2025-07-08 14:28:00,35.4 MiB
2025-07-08 14:28:02,35.4 MiB
2025-07-08 14:28:04,35.4 MiB
2025-07-08 14:28:06,35.4 MiB
2025-07-08 14:28:08,35.4 MiB
2025-07-08 14:28:10,35.4 MiB
2025-07-08 14:28:12,35.4 MiB
2025-07-08 14:28:14,35.4 MiB
2025-07-08 14:28:16,35.4 MiB
2025-07-08 14:28:18,35.4 MiB
2025-07-08 14:28:20,35.3 MiB
2025-07-08 14:28:22,35.3 MiB
2025-07-08 14:28:24,35.3 MiB
2025-07-08 14:28:26,35.3 MiB
2025-07-08 14:28:28,35.3 MiB
2025-07-08 14:28:30,35.3 MiB
2025-07-08 14:28:32,35.3 MiB
2025-07-08 14:28:34,35.3 MiB
2025-07-08 14:28:36,35.3 MiB
2025-07-08 14:28:38,35.3 MiB
2025-07-08 14:28:40,35.3 MiB
2025-07-08 14:28:42,35.3 MiB
2025-07-08 14:28:44,35.3 MiB
2025-07-08 14:28:46,35.3 MiB
2025-07-08 14:28:48,35.3 MiB
2025-07-08 14:28:50,35.3 MiB
2025-07-08 14:28:52,35.3 MiB
2025-07-08 14:28:54,35.3 MiB
2025-07-08 14:28:56,35.3 MiB
2025-07-08 14:28:58,35.3 MiB
2025-07-08 14:29:00,35.3 MiB
2025-07-08 14:29:02,35.3 MiB
2025-07-08 14:29:04,35.3 MiB
2025-07-08 14:29:06,35.3 MiB
2025-07-08 14:29:08,35.3 MiB
2025-07-08 14:29:10,35.3 MiB
2025-07-08 14:29:12,35.3 MiB
2025-07-08 14:29:14,35.3 MiB
2025-07-08 14:29:16,35.3 MiB
2025-07-08 14:29:18,35.3 MiB
2025-07-08 14:29:20,35.3 MiB
2025-07-08 14:29:22,35.3 MiB
2025-07-08 14:29:24,35.3 MiB
2025-07-08 14:29:26,35.3 MiB
2025-07-08 14:29:28,35.3 MiB
2025-07-08 14:29:30,35.3 MiB
2025-07-08 14:29:32,35.3 MiB
2025-07-08 14:29:34,35.3 MiB
2025-07-08 14:29:36,35.3 MiB
2025-07-08 14:29:38,35.3 MiB
2025-07-08 14:29:40,35.3 MiB
2025-07-08 14:29:42,35.3 MiB
2025-07-08 14:29:44,35.3 MiB
2025-07-08 14:29:46,35.3 MiB
2025-07-08 14:29:48,35.3 MiB
2025-07-08 14:29:50,35.3 MiB
2025-07-08 14:29:52,35.3 MiB
2025-07-08 14:29:54,35.3 MiB
2025-07-08 14:29:56,35.3 MiB
2025-07-08 14:29:58,35.3 MiB
2025-07-08 14:30:00,35.3 MiB
2025-07-08 14:30:02,35.3 MiB
2025-07-08 14:30:04,35.3 MiB
2025-07-08 14:30:06,35.3 MiB
2025-07-08 14:30:08,35.3 MiB
2025-07-08 14:30:10,35.3 MiB
2025-07-08 14:30:12,35.3 MiB
2025-07-08 14:30:14,35.3 MiB
2025-07-08 14:30:16,35.3 MiB
2025-07-08 14:30:18,35.3 MiB
2025-07-08 14:30:20,35.3 MiB
2025-07-08 14:30:22,35.3 MiB
2025-07-08 14:30:24,35.3 MiB
2025-07-08 14:30:26,35.3 MiB
2025-07-08 14:30:28,35.3 MiB
2025-07-08 14:30:30,35.3 MiB